Health,BETA,SEBeta,BETA,SEBeta,BETA,SEBeta,BETA,SEBeta
Air Pollutant:,AQHI,,CO,,O3,,PM2.5,
All: LAG 0,0.000754215,0.001896711,-0.01566351,0.01748936,-9.76766E-05,0.00022465,7.98912E-09,0.000240771
Female,-0.003093362,0.002484854,-0.065888605,0.022816583,0.000324608,0.000292993,-0.000473013,0.00031521
Male,0.003824286,0.002094139,0.02565649,0.0193595,-0.000445623,0.00024898,0.000379643,0.00026601
Warm All,-0.002458736,0.001940359,-0.03763856,0.0241794,0.000193644,0.000223145,-0.000101816,0.000274392
Warm Female,-0.005431701,0.002610409,-0.097241637,0.032520553,0.00020484,0.000299072,-0.000642199,0.000369983
Warm Male,-0.000123447,0.002345571,0.009583015,0.029226224,0.000185183,0.000270634,0.000322755,0.000330848
Cold All,0.002633276,0.003474175,-0.01271602,0.02441097,-0.00027074,0.000436189,-4.64129E-05,0.000387901
Cold Female,-0.002760865,0.004500253,-0.05929333,0.03166017,0.000977872,0.000561027,-0.000501676,0.000502361
Cold Male,0.00711061,0.003694555,0.02640689,0.02591314,-0.001355375,0.000465645,0.000329246,0.000412805
Age 0-10 All,0.000205333,0.003830862,0.03241509,0.03602274,-0.00102395,0.00045379,0.001045924,0.000488555
Age 0-10 Female,0.00341302,0.005506827,0.06094505,0.0517422,-0.000942542,0.000651877,0.001585628,0.0007026
Age 0-10 Male,-0.002142747,0.00478078,0.0116196,0.04500824,-0.001083107,0.000566932,0.000654129,0.000609849
Age 11-60 All,0.00167816,0.0020775,-0.02147432,0.01911227,3.73862E-05,0.000246347,2.00599E-05,0.000263523
Age 11-60 Female,-0.002814811,0.002887142,-0.082327237,0.026428801,0.000459199,0.000339975,-0.000474498,0.000365817
Age 11-60 Male,0.004744054,0.002318623,0.02170307,0.02139625,-0.000259463,0.000276372,0.000361755,0.000294394
Age 60+All,-0.002522519,0.003380005,-0.02609039,0.03091818,8.10444E-06,0.000398537,-0.000769957,0.000428673
Age 60+ Female,-0.006892677,0.004033659,-0.07975221,0.03690597,0.000560658,0.000476069,-0.00139271,0.00051139
Age 60+ Male,0.004180925,0.004710063,0.05615642,0.04299312,-0.000832606,0.000554521,0.000189006,0.000597859
All: LAG 1,0.001634658,0.001956057,0.005771318,0.017982971,-0.000121162,0.0002331,7.15238E-05,0.000247715
Female,-0.001738019,0.002513119,-0.03146424,0.02303802,0.000279136,0.000298195,-0.000401991,0.000318286
Male,0.004328051,0.002166186,0.03632898,0.01994175,-0.000450876,0.000259039,0.000452105,0.000274275
Warm All,-0.00193255,0.00213011,0.03875805,0.02639723,-0.000132243,0.000247996,-0.000136789,0.000299041
Warm Female,-0.005601769,0.002727962,-0.02750283,0.03395607,6.05127E-05,0.000316733,-0.000777839,0.000384174
Warm Male,0.000963448,0.002527481,0.091052373,0.031167042,-0.000287678,0.000295023,0.000366769,0.000353749
Cold All,0.003678233,0.00348594,-0.01850487,0.02438506,0.000229929,0.000435419,4.44808E-05,0.00038947
Cold Female,0.000220541,0.00449216,-0.04041457,0.03146222,0.000989457,0.000557061,-0.00032189,0.000501994
Cold Male,0.006523162,0.003737538,-0.000244692,0.026105952,-0.000428148,0.000469403,0.000346891,0.000417499
Age 0-10 All,0.001364658,0.003984906,0.02815991,0.03735606,-0.000671182,0.000475425,0.000183678,0.000507743
Age 0-10 Female,0.003139132,0.005616291,0.04761266,0.0525028,-0.000521875,0.000668397,0.000627801,0.000716807
Age 0-10 Male,5.203E-05,0.004903227,0.0139462,0.04604327,-0.000782748,0.000586148,-0.000138976,0.000623985
Age 11-60 All,0.003192748,0.002110901,0.01580042,0.01935013,-0.000136565,0.000251903,0.000233446,0.000267219
Age 11-60 Female,-0.000810118,0.002895387,-0.02649793,0.02646448,0.000263102,0.000343432,-0.000363166,0.000366471
Age 11-60 Male,0.005947546,0.002367756,0.04573572,0.02172079,-0.000418024,0.000283767,0.000650326,0.000299686
Age 60+All,-0.004118731,0.003416199,-0.04559247,0.03128721,0.00028516,0.000404965,-0.000614833,0.000431701
Age 60+ Female,-0.006376652,0.004072139,-0.07800263,0.03723567,0.00067816,0.000482933,-0.000959392,0.000514874
Age 60+ Male,-0.000644481,0.00472794,0.004375795,0.043359525,-0.000311363,0.000559902,-8.65946E-05,0.000596969
All: LAG2,0.004372855,0.00199612,0.02756846,0.01826049,-0.000235273,0.000238539,0.000336691,0.000252686
Female,0.002593456,0.002526834,0.007907864,0.023082526,-3.92674E-05,0.000300576,0.000124649,0.000319627
Male,0.005809694,0.002225292,0.04376852,0.02037925,-0.000396782,0.000266855,0.000509209,0.000281819
Warm All,-0.000335528,0.002272075,0.03262527,0.02762078,-0.000282588,0.000267026,-4.4452E-05,0.000318718
Warm Female,-0.003174585,0.002789926,-0.03315688,0.03409596,-0.000296259,0.000326796,-0.000368084,0.000392182
Warm Male,0.001936557,0.002691715,0.084588065,0.032566517,-0.000270825,0.00031739,0.000214227,0.000377024
Cold All,0.009599903,0.003539103,0.01949037,0.02471933,-3.99007E-05,0.000437621,0.000588036,0.000394451
Cold Female,0.008807414,0.004553216,0.02207485,0.03184606,0.000585059,0.000558923,0.000421392,0.000507422
Cold Male,0.010223165,0.003798098,0.01728061,0.02647744,-0.000583068,0.000471692,0.000725621,0.000423007
Age 0-10 All,0.003367946,0.004017832,0.01555251,0.03754686,-0.000237873,0.000481826,-4.51706E-05,0.000511954
Age 0-10 Female,-0.002305655,0.005642801,-0.001525,0.05253651,-0.000934691,0.000673425,-0.000645991,0.000720305
Age 0-10 Male,0.007381386,0.004924778,0.02769711,0.04614282,0.000266064,0.000592636,0.000376846,0.000626758
Age 11-60 All,0.005710927,0.002153534,0.03801484,0.01964679,-0.000243887,0.000257751,0.000540582,0.000272501
Age 11-60 Female,0.005091372,0.002906305,0.02399291,0.02648076,4.22931E-05,0.000345963,0.000444608,0.000367236
Age 11-60 Male,0.006133605,0.00243008,0.0480282,0.02218894,-0.000445434,0.000291765,0.000609984,0.000307721
Age 60+All,1.60495E-05,0.003420018,-0.003432837,0.031176868,-0.000202611,0.000405514,-0.000168042,0.00043149
Age 60+ Female,-0.001620717,0.004078287,-0.02890246,0.03714672,0.000153612,0.00048367,-0.000344228,0.000515155
Age 60+ Male,0.00249653,0.004729011,0.03546694,0.04310748,-0.000742001,0.000560472,9.79915E-05,0.000595561
All: LAG 3,0.003206035,0.002032517,0.01492802,0.01861343,-0.000309334,0.000243782,0.00017862,0.000256789
Female,0.002604139,0.002549348,0.000611742,0.023312709,-0.000102658,0.00030472,0.000161992,0.000321441
Male,0.00369466,0.002263793,0.0267487,0.02074958,-0.000479477,0.000272234,0.000193025,0.000286447
Warm All,-0.000691924,0.002367079,0.02226124,0.02892427,-0.000408856,0.000280286,-0.0002235,0.000331411
Warm Female,-0.002472278,0.002845733,-0.02993128,0.03489426,-0.000289378,0.000336265,-0.000369295,0.000398707
Warm Male,0.000744732,0.002791501,0.06360439,0.03399085,-0.000504151,0.000331224,-0.000103991,0.000390693
Cold All,0.006501246,0.003548202,0.006766164,0.024794942,-0.000138192,0.00043826,0.000401359,0.000393438
Cold Female,0.006740426,0.004547524,0.007561424,0.031858676,0.000371897,0.000558265,0.000432857,0.000503877
Cold Male,0.006240973,0.003806035,0.006109467,0.026528685,-0.000582768,0.000472062,0.000370443,0.000422154
Age 0-10 All,0.000861646,0.00407555,-0.006161993,0.038147762,-0.00015675,0.000489912,-0.00058712,0.000518868
Age 0-10 Female,-0.006988893,0.005672617,-0.06777024,0.05303786,-0.000389916,0.00067951,-0.001492875,0.000723028
Age 0-10 Male,0.006517212,0.004985495,0.03851645,0.04671286,1.05285E-05,0.000601081,6.33048E-05,0.000634385
Age 11-60 All,0.003925128,0.002185791,0.01863779,0.01995357,-0.000287117,0.000262532,0.000313076,0.000276027
Age 11-60 Female,0.00465432,0.002927135,0.01401785,0.02667966,-8.95872E-05,0.000350185,0.000461255,0.000368538
Age 11-60 Male,0.003414715,0.002463189,0.02201116,0.0225102,-0.000426159,0.000296589,0.000210779,0.000311667
Age 60+All,0.00204367,0.003427467,0.01457194,0.0313402,-0.000488816,0.000408497,0.000174146,0.000431404
Age 60+ Female,0.001662909,0.004084658,-0.00396454,0.03731496,-9.56632E-06,0.000486879,0.000132224,0.000514322
Age 60+ Male,0.002604557,0.004730921,0.04263066,0.04325777,-0.001215526,0.000563655,0.000234341,0.000595108
All: LAG 4,-0.000346898,0.00205327,0.003761549,0.018770848,-0.000346088,0.000246957,-0.000105901,0.000258112
Female,4.15543E-05,0.002565491,0.002500582,0.023382674,-0.00021213,0.000307663,0.000170576,0.000321735
Male,-0.000660804,0.002284908,0.004873005,0.020942738,-0.000455657,0.000275497,-0.000331327,0.000287727
Warm All,-0.00353988,0.002419863,-0.007537302,0.02959626,-0.000464802,0.000288168,-0.0005812,0.000336906
Warm Female,-0.004554521,0.002903593,-0.01650507,0.03553676,-0.000550399,0.000344685,-0.000571935,0.000404767
Warm Male,-0.002713671,0.002832774,-9.66218E-05,0.03461589,-0.000395157,0.000338203,-0.000583655,0.00039406
Cold All,0.002722539,0.003556771,0.01018019,0.02486317,-0.000267804,0.000440349,0.000299156,0.000392526
Cold Female,0.004743549,0.00454596,0.01158473,0.03189017,0.000266684,0.000560935,0.000783368,0.000500843
Cold Male,0.000978458,0.003818343,0.008930386,0.0266139,-0.000729337,0.00047382,-0.000116285,0.00042183
Age 0-10 All,-0.00567952,0.004101277,-0.08093421,0.03834201,0.000134134,0.000493356,-0.001022954,0.00052052
Age 0-10 Female,-0.007690188,0.005694132,-0.10208164,0.05326264,0.000295309,0.000684729,-0.000761452,0.000722431
Age 0-10 Male,-0.004198173,0.0050159,-0.06550602,0.04689763,1.80506E-05,0.00060341,-0.001211887,0.000636855
Age 11-60 All,-1.21477E-05,0.002205205,0.01466107,0.02010004,-0.000433848,0.000265701,-9.50152E-05,0.000277023
Age 11-60 Female,0.001629136,0.002946308,0.01997839,0.02676081,-0.000256136,0.00035355,0.000290429,0.000369092
Age 11-60 Male,-0.001163516,0.002478945,0.01091951,0.02266119,-0.000558522,0.0002996,-0.000364982,0.000311964
Age 60+All,0.001793265,0.003436045,0.01533498,0.03128683,-0.00033145,0.000410653,0.000428997,0.000430275
Age 60+ Female,-0.000509555,0.00408665,0.002862691,0.037100526,-0.000323875,0.000488857,0.000279616,0.000511334
Age 60+ Male,0.005297192,0.004748279,0.0344861,0.04330474,-0.000342981,0.00056675,0.000655568,0.000595501
All: LAG 5,-0.001508909,0.002067376,-0.01450633,0.01886451,-9.82725E-05,0.00024895,-0.00028433,0.000259077
Female,-0.00077643,0.002576849,-0.0139349,0.0234223,1.96382E-06,0.000309439,-0.000125464,0.000322432
Male,-0.002104276,0.002299859,-0.01493874,0.02106948,-0.000179368,0.000277573,-0.000413163,0.000288571
Warm All,-0.00298942,0.002453487,-0.04154705,0.02989095,-0.000160892,0.000292696,-0.000336965,0.000340996
Warm Female,-0.004354498,0.002936585,-0.05808857,0.0358445,-0.00026239,0.000349042,-0.000403625,0.000408991
Warm Male,-0.001886267,0.002864495,-0.02827504,0.0348736,-7.81047E-05,0.000342678,-0.000280056,0.000397469
Cold All,-0.001139445,0.003548294,0.000646189,0.024858861,-0.000175829,0.000441252,-0.000283265,0.000390076
Cold Female,0.002452439,0.004523647,0.007879951,0.031765621,0.000314615,0.000561805,7.71573E-05,0.000497392
Cold Male,-0.004245211,0.003813516,-0.005560318,0.026686854,-0.000599353,0.000474767,-0.000593504,0.000419207
Age 0-10 All,-0.003861706,0.00412243,-0.0432751,0.03858928,-0.000333359,0.000497021,-0.000714109,0.000521678
Age 0-10 Female,-0.00729459,0.005706938,-0.03807116,0.05342801,-0.00057199,0.000688518,-0.00092368,0.000722672
Age 0-10 Male,-0.001356834,0.005037743,-0.04677471,0.04722078,-0.000160509,0.000607068,-0.000559835,0.000637298
Age 11-60 All,-0.00102741,0.002217687,-0.01158233,0.02019132,-6.31615E-05,0.000267716,-0.000212686,0.00027761
Age 11-60 Female,0.001343544,0.002957078,-0.004298905,0.026811015,0.0001168,0.000355687,0.000155608,0.000369427
Age 11-60 Male,-0.002696676,0.002491036,-0.01675723,0.02276578,-0.000188937,0.000301507,-0.000471474,0.000312255
Age 60+All,-0.00181149,0.003446199,-0.00829375,0.03125354,-7.09075E-05,0.000410899,-0.000275302,0.000431032
Age 60+ Female,-0.003219693,0.004096567,-0.02779342,0.03701568,-2.97661E-05,0.000488974,-0.000479233,0.000511937
Age 60+ Male,0.000332128,0.004761238,0.02155024,0.04334658,-0.000133683,0.00056678,3.62757E-05,0.00059628
All: LAG 6,-0.00217928,0.002064862,0.01005535,0.01897473,-9.1832E-05,0.000248672,-0.000372546,0.000259068
Female,-0.000843516,0.002571866,0.03049461,0.02349445,-0.00011018,0.00030871,-0.000151679,0.000322185
Male,-0.003273477,0.002296763,-0.006976769,0.021218512,-7.34728E-05,0.000277362,-0.000552937,0.000288534
Warm All,-0.006993079,0.002466827,-0.06741664,0.030037,-0.000144981,0.000292999,-0.000737618,0.000344059
Warm Female,-0.008870016,0.002943293,-0.05899074,0.03589262,-0.000288376,0.000348002,-0.000922288,0.000411413
Warm Male,-0.005486758,0.00287833,-0.07371003,0.03502428,-2.83362E-05,0.000342718,-0.000587364,0.000400597
Cold All,0.003515843,0.00351292,0.05170576,0.02493582,-0.00014256,0.000441828,-7.37305E-05,0.000386822
Cold Female,0.009147705,0.004480448,0.07518038,0.0318452,7.76783E-05,0.000563058,0.000519292,0.00049371
Cold Male,-0.00137827,0.003774336,0.03141998,0.02679842,-0.000330607,0.000475261,-0.000587344,0.00041524
Age 0-10 All,-0.007946187,0.004109846,-0.05384028,0.03864876,0.00012981,0.000494677,-0.000854103,0.000520764
Age 0-10 Female,-0.012304531,0.005691553,-0.01593802,0.05347222,-0.000250565,0.000685372,-0.001418619,0.000721705
Age 0-10 Male,-0.004772651,0.005024431,-0.08116605,0.04732802,0.000405435,0.000604339,-0.000444672,0.000636258
Age 11-60 All,-0.001786262,0.002215443,0.01369194,0.02032819,-0.000213349,0.000267422,-0.000282517,0.000277689
Age 11-60 Female,0.000694663,0.002951584,0.04274386,0.02688098,-0.000221211,0.000354615,0.000103498,0.000369289
Age 11-60 Male,-0.003533738,0.002488091,-0.007195527,0.022961729,-0.00020241,0.000301391,-0.000554051,0.000312252
Age 60+All,6.86245E-05,0.00343732,0.03480314,0.03131383,0.000208255,0.000410505,-0.000393864,0.000430379
Age 60+ Female,0.000390164,0.004087565,0.01898364,0.03718107,0.000231832,0.00048895,-0.000236995,0.000511041
Age 60+ Male,-0.000428724,0.004748251,0.05907002,0.04333216,0.000170337,0.000565695,-0.000637272,0.000595894
All: LAG 7,-0.000817915,0.002063553,-0.001804062,0.019072237,0.00026602,0.000247269,-0.000220472,0.000259129
Female,0.002258977,0.002572519,0.01829488,0.02365263,0.000326708,0.000307229,1.39131E-05,0.000322638
Male,-0.0033208,0.002295967,-0.01853263,0.02132609,0.000217713,0.000275997,-0.00041114,0.000288698
Warm All,-0.005150441,0.002466489,-0.07557912,0.03029325,0.000270821,0.000289702,-0.000508066,0.000344531
Warm Female,-0.005194722,0.002945438,-0.06709348,0.03628472,0.000194487,0.000344257,-0.000543213,0.000411868
Warm Male,-0.005097533,0.002878369,-0.08201738,0.03532843,0.000332799,0.000339215,-0.000476272,0.000401603
Cold All,0.004532736,0.003508066,0.03926043,0.02506662,4.4516E-05,0.000442995,5.17082E-05,0.00038675
Cold Female,0.011654647,0.004473712,0.06535206,0.03196908,0.000213391,0.000564303,0.000546553,0.000494118
Cold Male,-0.001541899,0.003775662,0.01689544,0.02699794,-0.000100952,0.000477606,-0.00036915,0.000415775
Age 0-10 All,0.001701645,0.004106893,-0.004555174,0.038708916,0.000701828,0.000492163,-0.0001188,0.00052028
Age 0-10 Female,0.005694467,0.005693667,0.06356257,0.05339466,0.000225181,0.000682904,0.000405431,0.000721047
Age 0-10 Male,-0.001200123,0.005013763,-0.05418387,0.04748456,0.001044084,0.000600486,-0.000498081,0.000635327
Age 11-60 All,-0.002144555,0.002217091,-0.004131428,0.020453337,0.000102502,0.000265997,-0.000286623,0.000278211
Age 11-60 Female,0.000571837,0.002959082,0.01505052,0.02712251,0.000169743,0.000352912,-4.77965E-05,0.000370708
Age 11-60 Male,-0.004034283,0.002489745,-0.0178923,0.02309155,5.75224E-05,0.000300007,-0.000452328,0.000312832
Age 60+All,0.002395089,0.003430369,0.007961821,0.031527575,0.000579858,0.000409551,-3.66104E-05,0.000429709
Age 60+ Female,0.004901315,0.004082414,0.007404428,0.037518225,0.000757336,0.00048834,1.05898E-06,0.000511113
Age 60+ Male,-0.001450333,0.004739231,0.008574948,0.043532999,0.000309504,0.000564417,-9.50821E-05,0.000594273
All: LAG 8,-0.003142034,0.002067402,-0.01879175,0.0192342,2.02172E-07,0.000247268,-0.000462416,0.00025962
Female,0.000641562,0.002576667,0.01045619,0.02384022,-1.43417E-06,0.000307247,-0.000155186,0.000323417
Male,-0.006229405,0.002296674,-0.04323362,0.02146358,3.47869E-06,0.000275499,-0.000713451,0.000288647
Warm All,-0.005852802,0.002469121,-0.101272574,0.030500748,-4.99268E-05,0.000288657,-0.000591399,0.000344064
Warm Female,-0.00421645,0.002959,-0.08827411,0.03670093,-0.000176653,0.000344565,-0.000276488,0.000412801
Warm Male,-0.007143595,0.002877584,-0.11141398,0.03546819,5.28411E-05,0.000337209,-0.000838178,0.000400427
Cold All,-0.000290805,0.003509422,0.02651354,0.02527774,-0.000185767,0.000444145,-0.000295643,0.000388091
Cold Female,0.006551621,0.004476448,0.06138915,0.03214814,2.5563E-05,0.000564636,1.76478E-05,0.000496321
Cold Male,-0.006126287,0.003763072,-0.00353359,0.02719862,-0.000365082,0.00047826,-0.000563085,0.000415725
Age 0-10 All,-0.000346125,0.004116103,-0.01219243,0.03900467,0.000731469,0.000491667,-0.000635125,0.000521397
Age 0-10 Female,0.001709253,0.005713821,0.04650066,0.05390671,0.000259231,0.000681973,-0.000384045,0.000725491
Age 0-10 Male,-0.0018139,0.00501912,-0.05483443,0.04777806,0.001069588,0.000599931,-0.000810448,0.000634814
Age 11-60 All,-0.003943743,0.002219719,-0.02330081,0.0206099,-0.000127947,0.000265688,-0.000459647,0.000278545
Age 11-60 Female,0.001341339,0.002959757,0.01759168,0.02729553,-0.000114967,0.000352646,9.55018E-07,0.000370908
Age 11-60 Male,-0.007655271,0.002490014,-0.05273347,0.02323365,-0.000134272,0.000299194,-0.000784284,0.000312883
Age 60+All,-0.002065216,0.003438063,-0.007163996,0.031836774,4.28368E-06,0.000410229,-0.000364509,0.000430859
Age 60+ Female,-0.001633498,0.004088719,-0.02294234,0.03778964,0.000168783,0.000488275,-0.000446933,0.000512688
Age 60+ Male,-0.002725012,0.00474923,0.01735007,0.04407673,-0.000247469,0.000565908,-0.000238116,0.000594694
All: LAG 9,-0.003415795,0.002073198,-0.004800537,0.019238517,0.000154285,0.000248133,-0.000532799,0.000259817
Female,-0.003204799,0.002589834,0.00303921,0.02396242,3.12999E-05,0.000308832,-0.000629842,0.000324478
Male,-0.003592756,0.002300709,-0.01133884,0.02140667,0.000256966,0.000276119,-0.000453973,0.000288433
Warm All,-0.005886487,0.002486074,-0.095170712,0.030776337,0.000136245,0.000291223,-0.000539187,0.000344745
Warm Female,-0.007267209,0.002986337,-0.101029421,0.037228529,-0.000230086,0.000348735,-0.000759441,0.000414807
Warm Male,-0.004793981,0.002890342,-0.09054552,0.0356607,0.00043027,0.000339002,-0.000364817,0.000400081
Cold All,-0.001502079,0.003494188,0.04271446,0.02512591,-6.90961E-05,0.000442478,-0.000487335,0.000387289
Cold Female,0.000355318,0.004467072,0.05604552,0.03208158,0.000138845,0.000562353,-0.000484481,0.000495939
Cold Male,-0.003087929,0.003748247,0.03121686,0.0269956,-0.000248399,0.000477074,-0.000490638,0.000415024
Age 0-10 All,0.000583291,0.004121528,-0.03721057,0.03923434,0.001364561,0.000493704,-5.06351E-05,0.000519555
Age 0-10 Female,-0.000661222,0.005728146,-0.03351053,0.05448976,0.000986657,0.000684735,-0.000319493,0.00072374
Age 0-10 Male,0.001506653,0.005024944,-0.03981939,0.04789058,0.001639912,0.000603253,0.000145192,0.000632394
Age 11-60 All,-0.003571826,0.002226749,-0.002477472,0.020607425,1.74345E-06,0.000266741,-0.000557275,0.00027896
Age 11-60 Female,-0.002890803,0.002973956,0.01581734,0.02742107,-0.000196089,0.000354529,-0.000530671,0.000372252
Age 11-60 Male,-0.004060624,0.002497158,-0.01557622,0.02318116,0.00014423,0.000300077,-0.00057695,0.000313077
Age 60+All,-0.00550769,0.003451209,0.005880517,0.031815637,-6.04503E-05,0.000411148,-0.000752757,0.000431646
Age 60+ Female,-0.005208599,0.004112669,-0.01377259,0.03781542,0.000173156,0.000489902,-0.001016428,0.000514915
Age 60+ Male,-0.00596571,0.004755167,0.03629297,0.04396745,-0.000416773,0.000566291,-0.000353569,0.000593723
All: LAG 10,-0.000126101,0.002077891,0.01983973,0.01930164,2.67857E-05,0.000248422,-0.000299534,0.000259972
Female,8.47128E-06,0.002599888,0.01448397,0.02408436,3.87614E-05,0.000309899,-0.00038678,0.000324882
Male,-0.000242072,0.00230535,0.02418086,0.02147227,1.76717E-05,0.000276294,-0.000229047,0.000288753
Warm All,-0.004902514,0.002490306,-0.07923199,0.03103531,-4.97587E-05,0.00029094,-0.000510841,0.000344968
Warm Female,-0.007843423,0.002994435,-0.121881689,0.037478976,-8.53555E-05,0.000349206,-0.000977557,0.000415142
Warm Male,-0.002577416,0.002901508,-0.04576689,0.03608451,-2.20569E-05,0.000339381,-0.000143382,0.0004015
Cold All,0.005086485,0.003485767,0.072970288,0.025073678,-0.000201217,0.000441667,-3.26859E-05,0.000385909
Cold Female,0.008986659,0.004464711,0.08386591,0.03213668,-0.000138419,0.000563206,0.000213941,0.000494762
Cold Male,0.001772201,0.003740949,0.06370712,0.02693339,-0.000255762,0.000475817,-0.000241975,0.000413721
Age 0-10 All,0.005664527,0.004141417,0.007148573,0.039392398,0.001304679,0.000495393,-0.000032381,0.000522013
Age 0-10 Female,0.00815179,0.005750017,0.001747217,0.054699223,0.001747048,0.0006858,-0.000116268,0.000724965
Age 0-10 Male,0.003887305,0.005059021,0.01101487,0.04816994,0.00098405,0.000606697,2.84127E-05,0.000637439
Age 11-60 All,-0.000771515,0.002231306,0.02061858,0.02067307,-0.000102242,0.00026701,-0.000237817,0.000279012
Age 11-60 Female,-4.39486E-05,0.002987101,0.02926034,0.0275606,-3.23441E-05,0.000356171,-0.000176289,0.000372816
Age 11-60 Male,-0.00129854,0.002500691,0.01431573,0.02325181,-0.000150095,0.000300015,-0.000283335,0.000313132
Age 60+All,-0.001546919,0.003473011,0.02447103,0.03211167,-0.000311418,0.00041341,-0.000691514,0.000433579
Age 60+ Female,-0.003543647,0.004133797,-0.0170688,0.03819202,-0.000532639,0.000491918,-0.001029075,0.000516243
Age 60+ Male,0.001485158,0.004782522,0.08820724,0.04424637,2.5225E-05,0.000569511,-0.000177725,0.00059689
All: LAG 11,0.000946293,0.002075721,0.01562001,0.01945623,-2.38226E-05,0.000247475,-0.000317249,0.000259182
Female,0.000981902,0.002596833,0.02073483,0.02424253,-4.41809E-05,0.000309001,-0.00044007,0.000323919
Male,0.000910933,0.00230489,0.01135469,0.02168987,-7.04697E-06,0.000275233,-0.000216327,0.00028806
Warm All,-0.001866593,0.002482946,-0.04691471,0.03133377,-9.18217E-05,0.000287105,-0.000439641,0.000343725
Warm Female,-0.004863454,0.002994353,-0.07878257,0.03786957,-0.000168438,0.00034564,-0.000918809,0.000415219
Warm Male,0.000511579,0.002889053,-0.02170616,0.03646185,-3.09909E-05,0.000334654,-6.13525E-05,0.000399422
Cold All,0.00296,0.00348747,0.05008547,0.02527863,-0.000240071,0.000444165,-0.000146418,0.000383975
Cold Female,0.006648915,0.004458905,0.07087531,0.03233621,-0.000132261,0.000566521,1.99851E-05,0.000491513
Cold Male,-0.000225755,0.003749822,0.03224268,0.02719052,-0.000334478,0.000478719,-0.000291149,0.000412514
Age 0-10 All,0.004274627,0.004143461,-0.01213355,0.03976603,0.000709765,0.000493552,-0.000470315,0.000521586
Age 0-10 Female,0.004487283,0.005751838,-0.002707097,0.055222621,0.000664192,0.000684747,-0.000659936,0.000724055
Age 0-10 Male,0.004117169,0.005063126,-0.01913286,0.04858157,0.000744913,0.000603391,-0.000335062,0.000637351
Age 11-60 All,0.000723432,0.0022294,0.01600346,0.0208538,-9.78272E-05,0.00026613,-0.000161903,0.000278096
Age 11-60 Female,0.001148804,0.002983766,0.02812297,0.02777749,-4.47472E-05,0.000355088,-0.000227908,0.000371721
Age 11-60 Male,0.000404796,0.002501157,0.007323865,0.023507549,-0.000135704,0.000299221,-0.000116326,0.000312284
Age 60+All,-0.00039565,0.003468656,0.03034304,0.03223589,-0.00021224,0.00041175,-0.000783406,0.000432596
Age 60+ Female,-0.001016222,0.004123843,0.01190113,0.0382563,-0.00034934,0.000490334,-0.000870267,0.000514144
Age 60+ Male,0.000557123,0.004787181,0.05907158,0.04459964,-4.74456E-06,0.000566797,-0.000650091,0.000597602
All: LAG 12,-0.000166408,0.002079631,0.00140208,0.01955379,-6.61784E-05,0.00024749,-0.000273967,0.000259297
Female,0.001159076,0.002601476,0.01570811,0.02432062,-0.000217463,0.000309154,-0.000183306,0.000324068
Male,-0.001271822,0.002307107,-0.01067284,0.02179819,5.94777E-05,0.000274895,-0.000350137,0.000287906
Warm All,-0.002951344,0.002502348,-0.087855691,0.03176801,1.98933E-05,0.000287328,-0.000433465,0.000346126
Warm Female,-0.005224146,0.003015627,-0.120819289,0.03827724,-4.87325E-05,0.000345445,-0.000849738,0.000418206
Warm Male,-0.001160033,0.002906939,-0.06200261,0.03694734,7.49844E-05,0.000334421,-0.000107169,0.000401207
Cold All,0.00284892,0.003495821,0.04665484,0.02538801,-0.000482893,0.00044648,-7.45614E-05,0.000384457
Cold Female,0.008478564,0.00446327,0.07897289,0.03243134,-0.000706919,0.000569873,0.000432503,0.000491234
Cold Male,-0.00204226,0.003749585,0.01882611,0.02724861,-0.000290508,0.000479525,-0.000514194,0.000412109
Age 0-10 All,0.000237533,0.004155848,-0.03671103,0.04010507,0.00098311,0.00049296,-0.000759919,0.000523078
Age 0-10 Female,-0.003650737,0.005763564,-0.06916534,0.0557258,0.001438258,0.000683396,-0.001253098,0.000726178
Age 0-10 Male,0.003033622,0.005078792,-0.01354917,0.04894018,0.00065383,0.000602926,-0.00040701,0.000638953
Age 11-60 All,0.000538035,0.002233163,0.00807192,0.02095597,-0.000178968,0.000266346,-0.000122488,0.000278105
Age 11-60 Female,0.002106074,0.002987143,0.03073255,0.02783897,-0.000616387,0.000355544,3.63383E-05,0.000371589
Age 11-60 Male,-0.000598689,0.002503944,-0.008361817,0.023620571,0.000131425,0.000299026,-0.000237861,0.000312071
Age 60+All,-0.003007393,0.003468595,-0.000191849,0.03229061,-0.00032156,0.00041012,-0.00051488,0.00043198
Age 60+ Female,0.000834055,0.004124504,0.01275735,0.03823696,3.93552E-05,0.000488216,-0.000267301,0.000512987
Age 60+ Male,-0.008922099,0.004789239,-0.02089054,0.0448829,-0.000870947,0.000565465,-0.000899524,0.000597929
All: LAG 13,-0.003382255,0.00208419,-0.02484655,0.0194899,-0.000176143,0.000247528,-0.000610215,0.00025944
Female,-0.003504602,0.002604572,-0.03415891,0.02423485,-0.00043676,0.000308367,-0.000754413,0.000324083
Male,-0.003282927,0.002314709,-0.01712902,0.02173427,4.14274E-05,0.000275531,-0.000491961,0.000288294
Warm All,-0.004959873,0.002517975,-0.111095093,0.031544953,2.83164E-05,0.000289832,-0.000849849,0.00034664
Warm Female,-0.007705861,0.00302806,-0.134053367,0.037954187,-0.000294443,0.000347407,-0.001281211,0.00041785
Warm Male,-0.002781685,0.002926977,-0.09292437,0.03670326,0.000288312,0.000337595,-0.000510043,0.000402277
Cold All,-0.001891641,0.003485039,0.02167342,0.02531441,-0.000912403,0.000441149,-0.000308937,0.000383817
Cold Female,0.000936115,0.004458907,0.01588301,0.03243917,-0.001027137,0.000563271,-0.000243849,0.000491809
Cold Male,-0.0043343,0.003740758,0.02649583,0.02714978,-0.000809894,0.000474901,-0.000366143,0.000411606
Age 0-10 All,-0.009568693,0.004156686,-0.1022262,0.03980901,0.00096859,0.000492113,-0.001995444,0.000522264
Age 0-10 Female,-0.012397935,0.005771512,-0.15308799,0.05531139,0.00073603,0.000682804,-0.002273395,0.000724888
Age 0-10 Male,-0.007514314,0.005077656,-0.06579572,0.0485766,0.001137101,0.0006014,-0.001792214,0.000638742
Age 11-60 All,-0.00224355,0.002239721,-0.01442481,0.02091865,-0.00023468,0.000266482,-0.000474649,0.000278571
Age 11-60 Female,-0.003176681,0.002993787,-0.02233023,0.0277866,-0.000598019,0.000354667,-0.000712388,0.000372442
Age 11-60 Male,-0.001597146,0.002512828,-0.008837269,0.023578931,2.61565E-05,0.000299842,-0.000308231,0.000312535
Age 60+All,-0.003604191,0.003477421,-0.01611027,0.03218781,-0.000689741,0.000410432,-0.000227665,0.000431763
Age 60+ Female,-0.000432552,0.004132981,-0.01473185,0.03820028,-0.000556338,0.000488605,-0.000195265,0.000512702
Age 60+ Male,-0.008439257,0.004805798,-0.01807042,0.04460921,-0.000892373,0.000566175,-0.000275716,0.000597615
All: LAG 14,-0.005159267,0.002085159,-0.03771746,0.01942989,-0.000256945,0.000247724,-0.00054433,0.000259528
Female,-0.004100052,0.002607682,-0.01549541,0.02417041,-0.000557594,0.000308562,-0.000423462,0.000324293
Male,-0.006018886,0.002312963,-0.056252229,0.021642623,-7.01415E-06,0.000275579,-0.000641918,0.000288048
Warm All,-0.007433784,0.002516565,-0.1377799,0.03118831,-0.00019695,0.000290596,-0.001011853,0.000345807
Warm Female,-0.008230358,0.003034494,-0.13596901,0.037723249,-0.000373905,0.000348842,-0.001052559,0.000417558
Warm Male,-0.00678819,0.002920832,-0.139142786,0.036198267,-5.45549E-05,0.000338024,-0.0009759,0.000400911
Cold All,-0.003208084,0.003487023,0.01571526,0.02535065,-0.000759815,0.00044137,-5.70348E-05,0.000384911
Cold Female,0.000228565,0.004466446,0.04377066,0.03240252,-0.001188441,0.000562942,0.000179227,0.000493667
Cold Male,-0.006153005,0.003736293,-0.008413534,0.027209155,-0.00038579,0.00047505,-0.000258979,0.000412087
Age 0-10 All,-0.006123593,0.004150714,-0.130005512,0.039489024,0.001316599,0.000491784,-0.001594171,0.000521092
Age 0-10 Female,-0.00064507,0.005761463,-0.158200448,0.054801029,0.002186882,0.00068216,-0.001140513,0.000724389
Age 0-10 Male,-0.010077005,0.005071672,-0.1097717,0.04825836,0.000689508,0.000601665,-0.001920099,0.000636554
Age 11-60 All,-0.004822483,0.002239504,-0.03105214,0.02084568,-0.000323626,0.000266241,-0.000455008,0.000278514
Age 11-60 Female,-0.004434582,0.002996978,0.007868508,0.027691689,-0.00085164,0.000354125,-0.000402694,0.000372462
Age 11-60 Male,-0.005090503,0.002511031,-0.05906941,0.02348115,5.46157E-05,0.000299653,-0.000491254,0.000312385
Age 60+All,-0.005801753,0.003478735,-0.005638086,0.032116634,-0.001015743,0.00041156,-0.000199536,0.000431567
Age 60+ Female,-0.004893485,0.00413442,-0.01370197,0.0381415,-0.001042441,0.000489759,-0.000162621,0.000512419
Age 60+ Male,-0.007194052,0.00480652,0.00693856,0.04445547,-0.000977073,0.000567868,-0.000255796,0.000596969
Air Pollutant:,AQHIX,,NO2,,O3H8,,SO2,
All: LAG 0,0.002039136,0.001298811,0.000202183,0.00023272,0.00028302,0.000143956,0.000338432,0.001209542
Female,-0.001104232,0.001700651,-0.000506227,0.000302928,0.000239521,0.000189094,-0.00168348,0.001586859
Male,0.004559765,0.001434201,0.000783875,0.000258073,0.000315243,0.000158749,0.001938368,0.001333794
Warm All,-0.001710214,0.001328719,-0.000825432,0.000297782,8.15476E-05,0.000127232,0.001860352,0.0015657
Warm Female,-0.003983832,0.001785722,-0.001317036,0.000400444,-8.94823E-05,0.000170865,-0.001046075,0.002124733
Warm Male,7.83511E-05,0.001607295,-0.000441258,0.000360557,0.000217829,0.000153964,0.004083305,0.001878636
Cold All,0.004402718,0.002388966,0.000426634,0.000342044,0.000824768,0.000385722,-0.001902064,0.001757758
Cold Female,-0.000397817,0.003093924,-0.00046067,0.000441706,0.00130778,0.000499837,-0.003527598,0.00228598
Cold Male,0.008433138,0.00253938,0.001182156,0.000364037,0.000406596,0.000410699,-0.000575973,0.001863924
Age 0-10 All,-0.000205473,0.002626499,0.000179765,0.000479151,-0.000204568,0.000287767,-0.000490681,0.002492746
Age 0-10 Female,0.001612388,0.003772036,0.000421178,0.000686971,-1.76019E-05,0.000413595,0.000368781,0.003574789
Age 0-10 Male,-0.001548517,0.003280032,-2.46763E-07,0.000599134,-0.000341925,0.000359186,-0.001116773,0.003116691
Age 11-60 All,0.00264296,0.001423759,0.00026775,0.000254903,0.000360153,0.000157878,0.000927133,0.001319076
Age 11-60 Female,-0.001079867,0.001977292,-0.000541904,0.000351437,0.0002827,0.000220027,-0.001310282,0.001837269
Age 11-60 Male,0.005186379,0.001589387,0.000835433,0.000285886,0.000410848,0.000176017,0.002428593,0.001469787
Age 60+All,0.001139762,0.002306512,-4.72468E-05,0.000409845,0.000317802,0.000257105,-0.001443322,0.002161707
Age 60+ Female,-0.002501803,0.002754643,-0.000839268,0.000488805,0.000249538,0.000307637,-0.003598391,0.002580411
Age 60+ Male,0.006702425,0.003209463,0.001169425,0.000571191,0.000421434,0.000357137,0.001869525,0.003011433
All: LAG 1,0.002864825,0.001335738,0.000330017,0.0002388,0.000353696,0.000148903,0.001058684,0.001256268
Female,0.000886694,0.001714906,-0.000273123,0.000304999,0.000482312,0.000191572,0.000159253,0.001617262
Male,0.004438995,0.001480592,0.000824902,0.000265599,0.00024651,0.000164853,0.0017593,0.001389254
Warm All,-0.000208006,0.001457836,-0.000301199,0.00032535,0.00010464,0.000140248,-0.000714675,0.001715153
Warm Female,-0.002007457,0.001866368,-0.001096169,0.000416588,0.000156701,0.00017923,-0.003832129,0.002211601
Warm Male,0.001206678,0.001730546,0.000324805,0.000385804,6.15788E-05,0.000166792,0.001679096,0.002023651
Cold All,0.004199015,0.002382263,0.000311164,0.00034085,0.001110613,0.000388077,0.000780992,0.001781272
Cold Female,0.001575567,0.003067084,-0.000209924,0.000437747,0.001504621,0.000500452,0.001107728,0.002306852
Cold Male,0.006376198,0.002556371,0.000751973,0.000366284,0.000769917,0.000416456,0.000502126,0.001901797
Age 0-10 All,0.002904465,0.002722933,0.000594023,0.000494396,0.000121887,0.00030034,0.000819881,0.002600248
Age 0-10 Female,0.003910683,0.003828639,0.000588518,0.000694017,0.000354497,0.000422821,0.001586199,0.003662012
Age 0-10 Male,0.002166915,0.003356439,0.000596527,0.000610169,-4.64215E-05,0.000369839,0.000247798,0.003200223
Age 11-60 All,0.004154993,0.001442333,0.000531332,0.00025768,0.000460202,0.00016092,0.001514713,0.001350064
Age 11-60 Female,0.002151181,0.001977178,-0.000119842,0.000351049,0.000630979,0.000221062,0.000600284,0.001857696
Age 11-60 Male,0.005510139,0.001619494,0.000988374,0.000290345,0.000338817,0.000180489,0.00211576,0.001511079
Age 60+All,-0.001987129,0.00232646,-0.000579443,0.000412868,0.000109192,0.000260588,-0.000602316,0.002206586
Age 60+ Female,-0.003695149,0.002773624,-0.001040983,0.000491439,0.000169532,0.00031114,-0.001637558,0.002624837
Age 60+ Male,0.000633682,0.003218509,0.000132113,0.000572508,1.94525E-05,0.000359726,0.000992994,0.00306316
All: LAG 2,0.00433976,0.001360949,0.000739191,0.000242875,0.000299721,0.000152193,0.001739101,0.001273738
Female,0.002603118,0.001721474,0.00040789,0.000305747,0.000213797,0.000192968,0.001776276,0.001612363
Male,0.005749446,0.001518447,0.001012944,0.000272027,0.00036859,0.000169442,0.001704219,0.001420006
Warm All,0.000947448,0.001549044,0.000225712,0.000343101,6.05851E-05,0.000150243,0.000631456,0.001805505
Warm Female,-0.001575933,0.001900964,-0.00030972,0.000421533,-0.000129029,0.000184064,-0.002242963,0.002229825
Warm Male,0.002965846,0.001835478,0.000652451,0.000406193,0.000213137,0.000178319,0.002879564,0.002128657
Cold All,0.007712042,0.002420097,0.000836533,0.000345468,0.001127754,0.000392321,0.001783094,0.001797592
Cold Female,0.006652103,0.003109024,0.000570461,0.000442983,0.001463538,0.000504498,0.003453952,0.002317347
Cold Male,0.008585439,0.00260109,0.001061874,0.000371585,0.000838574,0.000421248,0.000379148,0.001923615
Age 0-10 All,0.004028944,0.00274113,0.000779223,0.000496682,0.00021004,0.000303894,0.000433209,0.002618592
Age 0-10 Female,0.001008556,0.003843268,0.00053139,0.000695356,-0.000266043,0.000426329,-0.004144636,0.003670226
Age 0-10 Male,0.006183282,0.003364762,0.000954173,0.000610439,0.000551037,0.000372765,0.003723092,0.00321337
Age 11-60 All,0.005221474,0.001469018,0.000873778,0.00026194,0.000373541,0.000164368,0.001500511,0.001368927
Age 11-60 Female,0.004108549,0.001981281,0.000622629,0.000351125,0.000354547,0.000222323,0.00272986,0.001848267
Age 11-60 Male,0.00598454,0.00165894,0.00104983,0.000297044,0.000386306,0.000185153,0.000630296,0.001543635
Age 60+All,0.001240974,0.002328809,0.000213327,0.000412956,8.36387E-05,0.000261116,0.003449777,0.002185222
Age 60+ Female,-0.000551107,0.002775154,-0.000203479,0.000491672,7.82496E-05,0.000311654,0.001908821,0.002602452
Age 60+ Male,0.003967553,0.003223375,0.000850577,0.000572291,9.18027E-05,0.000360588,0.005813941,0.003028226
All: LAG 3,0.004015733,0.00138794,0.000670458,0.000248266,0.000292452,0.000154939,0.0009377,0.001292303
Female,0.003181588,0.001740422,0.000436874,0.000309841,0.000322268,0.000194806,0.001566969,0.001619744
Male,0.004692613,0.001546691,0.000863813,0.000277694,0.000268155,0.000172247,0.00041917,0.001440097
Warm All,0.001540855,0.001616411,0.000371516,0.000358538,9.46313E-05,0.000157015,0.001878221,0.00187685
Warm Female,-0.00038562,0.001943816,-0.00013311,0.000431474,-5.41054E-06,0.00018857,0.001043042,0.002263898
Warm Male,0.003085953,0.001905462,0.000774751,0.000422342,0.000175479,0.000185331,0.002548075,0.002208103
Cold All,0.005735298,0.00243361,0.000619405,0.000348788,0.000842326,0.000386899,-0.000210378,0.001794054
Cold Female,0.005655734,0.003114386,0.000429837,0.000445702,0.001391084,0.000495347,0.001066053,0.002307288
Cold Male,0.005763971,0.002614467,0.000778563,0.000374966,0.000370219,0.000415294,-0.001287878,0.001917445
Age 0-10 All,0.003263731,0.002784835,0.000577729,0.000506379,0.000225955,0.000307301,-0.000124558,0.002638058
Age 0-10 Female,-0.002278508,0.003875308,-0.0002146,0.000703405,-0.000313685,0.00042785,-0.004679582,0.003665393
Age 0-10 Male,0.007265943,0.003407266,0.001154878,0.000620475,0.000613245,0.000375874,0.003182202,0.00323108
Age 11-60 All,0.004580926,0.001493148,0.000711194,0.000266881,0.00038391,0.000166767,0.001413816,0.001383869
Age 11-60 Female,0.004798903,0.001998652,0.000628604,0.000355133,0.000512046,0.000224026,0.003767466,0.001852102
Age 11-60 Male,0.00441818,0.001684021,0.000768413,0.000302185,0.000294819,0.00018755,-0.000243245,0.001559878
Age 60+All,0.002397719,0.002338772,0.000574224,0.000415342,-3.04934E-06,0.000262203,-0.000155045,0.002188067
Age 60+ Female,0.001497136,0.002787261,0.000222676,0.00049451,0.000135009,0.000312731,-0.001301182,0.002600953
Age 60+ Male,0.003756353,0.003228413,0.001109843,0.000574198,-0.000212106,0.000361408,0.001601568,0.003030578
All: LAG 4,0.000954684,0.001401119,0.000215829,0.000251209,1.79203E-05,0.000156011,-0.000238141,0.001291215
Female,0.000136633,0.001749977,5.07783E-05,0.000312178,-1.57335E-05,0.000195545,0.000733837,0.001609982
Male,0.001619743,0.001559649,0.000352251,0.000280799,4.51881E-05,0.000173167,-0.001039997,0.00143942
Warm All,-0.001201856,0.001645344,-0.000102847,0.000365012,-0.000164094,0.000159986,-0.002703709,0.001912102
Warm Female,-0.002250914,0.001972986,-0.000293524,0.000438036,-0.000258863,0.000191619,-0.002393941,0.002296591
Warm Male,-0.000359612,0.001926464,4.98737E-05,0.000427094,-8.77093E-05,0.000187513,-0.002937911,0.002236562
Cold All,0.002991135,0.002451847,0.000282496,0.000352467,0.000561046,0.000386569,0.001157164,0.001775909
Cold Female,0.002077868,0.003133606,8.30654E-05,0.000449705,0.000731051,0.00049536,0.00236797,0.002277705
Cold Male,0.003756054,0.002632542,0.00045211,0.000378924,0.000415601,0.000414222,0.000132467,0.001901044
Age 0-10 All,-0.002613606,0.002796722,-0.000570002,0.000509908,-7.14033E-05,0.000307898,-0.004277602,0.002635408
Age 0-10 Female,-0.006021207,0.003882218,-0.001173798,0.000706537,-0.000298237,0.000428465,-0.0058974,0.003655745
Age 0-10 Male,-0.000126155,0.003420067,-0.00012609,0.000624403,9.24803E-05,0.000375852,-0.003084024,0.003225148
Age 11-60 All,0.001524519,0.001505493,0.000324521,0.000269697,4.53118E-05,0.000167772,-0.000152736,0.001380703
Age 11-60 Female,0.00142734,0.002010182,0.000291691,0.000357924,5.10788E-05,0.00022492,0.00169378,0.001839897
Age 11-60 Male,0.00158099,0.001693382,0.000345492,0.000304679,4.10108E-05,0.000188165,-0.00146467,0.001555265
Age 60+All,0.001108663,0.002341644,0.00029293,0.0004167,-2.50489E-05,0.000261917,0.00192097,0.002165728
Age 60+ Female,-0.000381779,0.00278646,-3.61095E-05,0.000495058,-5.45666E-05,0.000312151,0.0011462,0.002569467
Age 60+ Male,0.003374396,0.003233263,0.000797463,0.000576788,1.95226E-05,0.000360809,0.003117205,0.003003851
All: LAG 5,0.000179778,0.001410954,-5.0599E-05,0.000252985,9.18778E-05,0.000157031,-0.001375028,0.00128811
Female,-0.000168676,0.001757656,-6.98337E-05,0.00031346,2.98105E-05,0.000196364,-0.000338579,0.001603046
Male,0.000460256,0.001570349,-3.59205E-05,0.000282821,0.000142183,0.000174228,-0.002231243,0.001435225
Warm All,-0.001079796,0.001666323,-0.000410031,0.000368147,6.60174E-06,0.000162143,-0.000673239,0.001900421
Warm Female,-0.002501139,0.001992438,-0.000625212,0.000440685,-0.00014014,0.000193597,-0.000928291,0.002279023
Warm Male,5.85087E-05,0.001946407,-0.000238073,0.000429747,0.000124668,0.000189594,-0.000458924,0.002215025
Cold All,0.000771994,0.002452174,6.42522E-05,0.000353707,0.000169169,0.000385311,-0.001844052,0.001773627
Cold Female,0.001711253,0.00312547,0.000120145,0.000450065,0.000431911,0.000493201,-3.95511E-06,0.002272069
Cold Male,-5.55994E-05,0.002637038,1.36407E-05,0.000380935,-5.58442E-05,0.000412834,-0.003409998,0.001899537
Age 0-10 All,-0.000737066,0.002809329,-9.76651E-05,0.000512208,-7.48609E-05,0.000309546,-0.004846858,0.002626373
Age 0-10 Female,-0.004508515,0.003887072,-0.00044873,0.000707659,-0.000615207,0.000428965,-0.003835167,0.003629445
Age 0-10 Male,0.00200627,0.003433761,0.00015995,0.00062679,0.00031505,0.000377887,-0.005561504,0.003214865
Age 11-60 All,0.000612129,0.001513905,-2.54349E-05,0.00027119,0.000169317,0.000168674,-0.000996074,0.001375817
Age 11-60 Female,0.001301467,0.002016664,8.06739E-05,0.000358905,0.000229593,0.000225771,0.000773879,0.001831931
Age 11-60 Male,0.000113639,0.00170192,-0.000104835,0.000306283,0.00012734,0.000188999,-0.002260119,0.001547762
Age 60+All,-0.000872706,0.002351556,-0.000125301,0.000418714,-8.39188E-05,0.000262294,-0.000647769,0.002151816
Age 60+ Female,-0.001963762,0.002797013,-0.000294203,0.000497066,-0.000175765,0.000312483,-0.001617934,0.002550307
Age 60+ Male,0.000790871,0.003245869,0.000134245,0.000579692,5.55478E-05,0.00036116,0.000850637,0.002986197
All: LAG 6,-0.00042114,0.001408372,-0.000129408,0.000252607,2.53397E-05,0.000156825,-0.001371812,0.00127848
Female,0.000241841,0.001752584,1.43426E-06,0.000312563,5.44019E-05,0.000195895,6.16765E-05,0.001589244
Male,-0.000975854,0.001567681,-0.000241984,0.000282509,2.1292E-06,0.000174033,-0.002559677,0.001424475
Warm All,-0.004310694,0.001673495,-0.001222102,0.000368697,-0.000175806,0.000162821,-0.004113761,0.001894609
Warm Female,-0.005059431,0.001994666,-0.001450764,0.00043993,-0.000197679,0.000193644,-0.004409892,0.002264678
Warm Male,-0.003709737,0.001953993,-0.001040003,0.000430404,-0.000157763,0.000190287,-0.003864759,0.002206602
Cold All,0.004585352,0.002426687,0.000499351,0.000351461,0.00066499,0.000382085,0.000294647,0.001755326
Cold Female,0.006921104,0.003096584,0.000797005,0.000447503,0.000869975,0.000490438,0.002833779,0.002250532
Cold Male,0.002536991,0.002608822,0.000235667,0.000378454,0.000489849,0.00040872,-0.001872861,0.001877865
Age 0-10 All,-0.006115287,0.002800358,-0.001076563,0.000510489,-0.000417072,0.000308576,-0.002103954,0.002591248
Age 0-10 Female,-0.009617382,0.003877733,-0.001301922,0.000705685,-0.001002958,0.000428234,-0.000337898,0.00358832
Age 0-10 Male,-0.003566631,0.003424044,-0.000910112,0.000624994,4.39811E-06,0.000376513,-0.003342469,0.003167059
Age 11-60 All,0.000195955,0.001511494,-2.81332E-05,0.000270864,7.37075E-05,0.000168525,-0.001252656,0.0013676
Age 11-60 Female,0.002094936,0.002010307,0.000205666,0.000357746,0.000291667,0.00022519,0.000731142,0.001818644
Age 11-60 Male,-0.001161642,0.001699466,-0.000202072,0.000306101,-7.71041E-05,0.000188869,-0.00267206,0.001538236
Age 60+All,0.000943374,0.00234224,7.71264E-05,0.000417284,0.000139717,0.000261399,-0.001358061,0.002128418
Age 60+ Female,-3.40944E-05,0.002787848,3.71067E-05,0.000495772,-5.28633E-05,0.000311568,-0.001418635,0.002522536
Age 60+ Male,0.002440532,0.003231113,0.000140015,0.00057725,0.000431566,0.000359781,-0.001269836,0.002955599
All: LAG 7,0.000172096,0.001407322,-0.000199579,0.000252127,0.000229711,0.000156641,-0.003223727,0.001277577
Female,0.002381386,0.001753136,0.000174928,0.000312628,0.000385718,0.00019576,-0.00187765,0.001592541
Male,-0.001634015,0.001566712,-0.000512115,0.000281773,0.000104368,0.000174003,-0.004325424,0.001422352
Warm All,-0.003332533,0.001675202,-0.001292335,0.000367086,3.60034E-05,0.000162753,-0.005305866,0.001900157
Warm Female,-0.00272512,0.001999421,-0.001207099,0.000438862,0.00010219,0.000193707,-0.004050222,0.002278833
Warm Male,-0.003809055,0.001955509,-0.00135824,0.000428509,-1.66913E-05,0.000190298,-0.006276068,0.002210662
Cold All,0.004836908,0.00241774,0.000488781,0.000351377,0.000813506,0.000379777,-0.001955225,0.001753003
Cold Female,0.009090901,0.00308204,0.001029178,0.000447398,0.001206743,0.000486547,-0.000430091,0.002248926
Cold Male,0.001199287,0.002604999,2.33529E-05,0.0003789,0.000483371,0.000407713,-0.003241641,0.001878263
Age 0-10 All,0.002846827,0.00280218,-9.48871E-05,0.000509928,0.00073788,0.000308691,0.001838458,0.002586285
Age 0-10 Female,0.005584298,0.003881494,0.000659102,0.000705051,0.000674862,0.000428723,0.003376347,0.003572151
Age 0-10 Male,0.000850046,0.003423319,-0.000646162,0.000623619,0.000781758,0.000376583,0.000716595,0.003166472
Age 11-60 All,-0.000833486,0.001512707,-0.00029157,0.000270773,8.40925E-05,0.000168504,-0.004254277,0.001366489
Age 11-60 Female,0.001275481,0.002016906,1.56205E-05,0.00035884,0.000282382,0.000225396,-0.002711224,0.001824528
Age 11-60 Male,-0.002313481,0.001699797,-0.000513093,0.000305619,-5.22375E-05,0.000188934,-0.005339937,0.001535214
Age 60+All,0.002084783,0.002335305,6.07959E-05,0.000415691,0.000427254,0.000261197,-0.002552953,0.002136515
Age 60+ Female,0.003682586,0.002781875,0.000361907,0.00049464,0.000508,0.00031173,-0.002032863,0.002538741
Age 60+ Male,-0.000355762,0.003221918,-0.000401369,0.000574408,0.000304571,0.000359511,-0.0033583,0.002959331
All: LAG 8,-0.001400722,0.001412754,-0.000309902,0.00025388,-3.0908E-05,0.000156157,-0.004586866,0.001273728
Female,0.000959767,0.001759196,0.000192583,0.000314528,3.52997E-05,0.000195139,-0.002608751,0.001588451
Male,-0.003333214,0.001570612,-0.000730104,0.000283384,-8.3392E-05,0.000173176,-0.006211001,0.001415496
Warm All,-0.00366181,0.001683863,-0.001115263,0.000371266,-0.000110537,0.00016211,-0.006658865,0.0018939
Warm Female,-0.002876062,0.002016656,-0.000756822,0.000445505,-0.000143122,0.000193695,-0.003063856,0.002277937
Warm Male,-0.004284432,0.001963229,-0.00139928,0.000432378,-8.40977E-05,0.00018925,-0.009487975,0.002200595
Cold All,0.001152265,0.002417244,0.000169774,0.00035291,3.90608E-05,0.000376334,-0.00313863,0.001746578
Cold Female,0.005802207,0.00307852,0.00074697,0.000448536,0.000511782,0.000481773,-0.002096465,0.002241151
Cold Male,-0.002830616,0.002595873,-0.000330046,0.000379782,-0.000356286,0.000402663,-0.004028465,0.001866483
Age 0-10 All,0.000972506,0.002812447,-0.00021599,0.000512816,0.000410889,0.000307647,-0.003382282,0.002580714
Age 0-10 Female,0.001994763,0.003895207,0.000331855,0.000708983,0.000146992,0.000427335,0.000192349,0.003570253
Age 0-10 Male,0.000237838,0.003435191,-0.000613553,0.000627114,0.000600289,0.000374989,-0.005976787,0.003155693
Age 11-60 All,-0.002095364,0.001517887,-0.000369057,0.000272533,-0.000134284,0.000167843,-0.004237929,0.001361798
Age 11-60 Female,0.001314927,0.002022812,0.000306263,0.000360753,7.66267E-06,0.00022457,-0.001285428,0.001816605
Age 11-60 Male,-0.004496569,0.001703416,-0.000856884,0.000307259,-0.000231481,0.000187931,-0.006325519,0.00152807
Age 60+All,-0.000455118,0.00234285,-0.00016869,0.000418733,5.6554E-05,0.000260279,-0.006654987,0.002136268
Age 60+ Female,-0.000427602,0.002786546,-0.0001593,0.000497432,5.19213E-05,0.000309955,-0.00718959,0.002536786
Age 60+ Male,-0.000496127,0.003235669,-0.000182547,0.000579387,6.32668E-05,0.000358796,-0.005828807,0.002961083
All: LAG 9,-0.002192738,0.001414371,-0.000420305,0.000253944,-0.000107916,0.000156498,-0.004008912,0.001264874
Female,-0.001377131,0.001764748,-0.000249221,0.000315388,-8.00678E-05,0.000195867,-0.002705813,0.001579975
Male,-0.002866383,0.001570898,-0.000564212,0.000283129,-0.000130447,0.00017337,-0.005089112,0.001404219
Warm All,-0.004930722,0.001688359,-0.001347234,0.00037254,-0.00022166,0.00016279,-0.006708524,0.001879098
Warm Female,-0.004969032,0.002027888,-0.001197174,0.000448417,-0.000299201,0.000195075,-0.005209928,0.002267492
Warm Male,-0.004905434,0.00196404,-0.001467286,0.000432917,-0.000159982,0.000189515,-0.007899851,0.002178785
Cold All,0.000496633,0.002409568,6.88603E-05,0.000352096,2.2233E-05,0.000372717,-0.002211997,0.001732141
Cold Female,0.00211972,0.003073607,0.000204184,0.000448248,0.000373633,0.000477014,-0.001011823,0.002221709
Cold Male,-0.000899818,0.002589442,-4.89142E-05,0.000379058,-0.000275256,0.000399366,-0.003235389,0.001853268
Age 0-10 All,-5.38866E-05,0.00281206,-0.000765916,0.00051246,0.00067704,0.000308002,-0.003923027,0.00256365
Age 0-10 Female,0.00050468,0.003897281,-0.000598288,0.000709803,0.000658305,0.000427658,-0.004518612,0.003547059
Age 0-10 Male,-0.000444202,0.003435464,-0.00088538,0.000626479,0.000691709,0.000375962,-0.003484668,0.003137476
Age 11-60 All,-0.002321942,0.001520015,-0.0003353,0.000272653,-0.000216938,0.0001682,-0.002957755,0.001352249
Age 11-60 Female,-0.001439844,0.002027805,-9.80962E-05,0.000361496,-0.000239935,0.0002252,-0.000830831,0.001805052
Age 11-60 Male,-0.002952614,0.001705797,-0.000508285,0.000307291,-0.00020083,0.000188286,-0.004477788,0.00151682
Age 60+All,-0.003165332,0.002349187,-0.000528397,0.000419559,-0.000227834,0.000261152,-0.00800158,0.002121697
Age 60+ Female,-0.00212466,0.002799068,-0.000487726,0.000499259,-2.29321E-05,0.000311582,-0.006693262,0.002525274
Age 60+ Male,-0.004749861,0.003236814,-0.000590517,0.000579233,-0.000537797,0.000358995,-0.010019027,0.002934489
All: LAG 10,-2.68726E-06,0.001419381,0.000117081,0.000254524,-0.000113687,0.000157115,-0.002877936,0.00125684
Female,6.14E-05,0.001774468,0.000174747,0.000316619,-0.000156956,0.000197133,-0.002133,0.001570371
Male,-5.9789E-05,0.001575839,6.80229E-05,0.000283746,-7.88374E-05,0.000173925,-0.00349689,0.001396544
Warm All,-0.00392158,0.001695171,-0.000910693,0.000373886,-0.000251884,0.000163626,-0.007689325,0.001855092
Warm Female,-0.005542004,0.002038018,-0.001346673,0.000449595,-0.00032649,0.00019664,-0.009409428,0.002238226
Warm Male,-0.002637089,0.001976064,-0.000564941,0.000435776,-0.000192872,0.000190739,-0.006338814,0.002160497
Cold All,0.004419098,0.002405588,0.0006939,0.000351787,3.62028E-05,0.000367428,0.000188291,0.001721183
Cold Female,0.00644246,0.003077585,0.001008442,0.000449087,5.15467E-05,0.000471746,0.002314177,0.002208299
Cold Male,0.002685983,0.002585412,0.000422815,0.00037881,2.20203E-05,0.000393522,-0.001609706,0.001843714
Age 0-10 All,0.003638437,0.00282809,0.000178073,0.000515309,0.000661335,0.00030978,-0.001060546,0.002547123
Age 0-10 Female,0.005852148,0.003926221,0.000371906,0.000713766,0.000990903,0.000430712,0.000709618,0.003521286
Age 0-10 Male,0.002052955,0.003454809,3.87929E-05,0.00063046,0.000425915,0.000378105,-0.002356257,0.003122866
Age 11-60 All,-0.000735359,0.001524963,5.27974E-05,0.000273169,-0.000223664,0.000168871,-0.003086801,0.00134408
Age 11-60 Female,-0.000643586,0.002038908,9.75205E-05,0.000363045,-0.000249549,0.000226828,-0.002502888,0.001798167
Age 11-60 Male,-0.00081416,0.001710673,1.76524E-05,0.000307748,-0.000206116,0.00018885,-0.003513666,0.001507811
Age 60+All,0.000267779,0.002368309,0.000295956,0.000422225,-0.000221212,0.000263315,-0.003268875,0.002112589
Age 60+ Female,-0.000815562,0.002820514,0.000267125,0.000501948,-0.000449228,0.000313816,-0.002446992,0.002504902
Age 60+ Male,0.001910097,0.003258581,0.000338864,0.000582575,0.00012397,0.000361831,-0.0045441,0.002927059
All: LAG 11,0.000842402,0.001422854,0.000354099,0.000255823,-0.000140481,0.000156919,-0.001847978,0.001255654
Female,0.000687026,0.001778552,0.000432983,0.000318156,-0.000256825,0.000196895,-0.000849448,0.001567416
Male,0.000964254,0.001581067,0.000287049,0.000285504,-4.66033E-05,0.000173817,-0.002679204,0.00139708
Warm All,-0.001014718,0.001697604,-0.000108155,0.000374607,-0.000121869,0.000163279,-0.004241964,0.001860129
Warm Female,-0.003245201,0.002044509,-0.00051819,0.00045181,-0.000314849,0.000196501,-0.004952892,0.002246401
Warm Male,0.000763094,0.001977112,0.000217556,0.000435836,3.22985E-05,0.000190304,-0.003681135,0.002164491
Cold All,0.001840856,0.00241602,0.000515362,0.000354705,-0.000592473,0.000364326,-0.000337225,0.001714851
Cold Female,0.004170157,0.003087803,0.000835656,0.000452186,-0.000458006,0.000468297,0.001531178,0.00219906
Cold Male,-0.00017595,0.00259875,0.000236092,0.000382499,-0.000708744,0.000390189,-0.001927767,0.001839397
Age 0-10 All,0.00486764,0.002838416,0.000567266,0.000518378,0.000592259,0.000310017,0.00112773,0.002553082
Age 0-10 Female,0.005265671,0.003938443,0.000735808,0.000717745,0.00053355,0.000430961,0.003250409,0.003532776
Age 0-10 Male,0.004577337,0.003470241,0.000443333,0.000634646,0.00063503,0.000378524,-0.000420373,0.003128158
Age 11-60 All,0.00020262,0.001529046,0.000278005,0.000274747,-0.000217293,0.000168651,-0.002247587,0.001342923
Age 11-60 Female,0.000282081,0.00204396,0.000346433,0.000365094,-0.000271831,0.000226463,-0.00101871,0.001793375
Age 11-60 Male,0.000130661,0.0017169,0.000225871,0.000309842,-0.000180336,0.000188796,-0.003131636,0.001509427
Age 60+All,0.000557939,0.00237388,0.000483624,0.00042393,-0.000336508,0.000263069,-0.002201087,0.002106312
Age 60+ Female,-0.000365897,0.002823404,0.000508118,0.000503199,-0.000576979,0.000313504,-0.002178235,0.002496935
Age 60+ Male,0.001974405,0.003274269,0.000446704,0.000586608,2.71355E-05,0.000361708,-0.002230055,0.002920129
All: LAG 12,6.53877E-06,0.001424462,0.000154785,0.000255926,-0.000146485,0.000157203,-0.001016566,0.001255276
Female,0.000704242,0.001780199,0.000430136,0.000318009,-0.000254922,0.000197322,0.001406189,0.001565789
Male,-0.000584172,0.001581591,-7.94828E-05,0.000285478,-5.95142E-05,0.000173934,-0.003032999,0.001395032
Warm All,-0.00274258,0.001709353,-0.000521488,0.000376504,-0.000228372,0.000164255,-0.005846199,0.001892714
Warm Female,-0.004475416,0.002055932,-0.000783542,0.000453202,-0.000404459,0.000197428,-0.006418494,0.002286421
Warm Male,-0.001370321,0.001989044,-0.000315347,0.000437857,-8.80908E-05,0.000191209,-0.00539977,0.002197739
Cold All,0.003298367,0.002420845,0.000559107,0.000355905,-7.19193E-05,0.000365619,0.001992557,0.001702108
Cold Female,0.006749308,0.003090581,0.001078536,0.000453266,1.74308E-05,0.000469693,0.005927922,0.002176714
Cold Male,0.000294599,0.002598064,0.000104314,0.000382797,-0.000151808,0.000390443,-0.001370196,0.001821915
Age 0-10 All,0.001485045,0.002845098,-0.000206946,0.000519201,0.00052069,0.000310714,-0.002404418,0.002554858
Age 0-10 Female,-0.000691119,0.003941396,-0.000959313,0.000718315,0.000711127,0.000431162,-0.003926348,0.003528983
Age 0-10 Male,0.003060806,0.00347989,0.000340123,0.000635572,0.000383704,0.000379708,-0.00129767,0.003131439
Age 11-60 All,0.000278366,0.00153047,0.0002719,0.000274666,-0.000195303,0.000169035,-0.001126024,0.001343174
Age 11-60 Female,0.000874325,0.002044156,0.000733787,0.000364181,-0.0005123,0.000226961,0.002565863,0.001791807
Age 11-60 Male,-0.000167621,0.001717936,-6.70243E-05,0.000309864,2.34577E-05,0.00018901,-0.003762528,0.001507685
Age 60+All,-0.001953708,0.002371937,-5.51093E-05,0.000423681,-0.000402878,0.000262613,0.000265121,0.002097137
Age 60+ Female,0.000812548,0.002823533,0.000244446,0.000503079,-0.000056833,0.000313159,0.000778737,0.002484175
Age 60+ Male,-0.006196233,0.003269535,-0.000521712,0.000586373,-0.000928401,0.000361145,-0.00054745,0.002913936
All: LAG 13,-0.002023188,0.00142774,-0.000157921,0.000255558,-0.000320074,0.000157862,-0.001960399,0.001248179
Female,-0.002166405,0.001782227,6.68743E-05,0.000317283,-0.000573466,0.000197666,-0.000771418,0.001557662
Male,-0.001909555,0.001587062,-0.000347723,0.000285268,-0.000114211,0.000175019,-0.002952687,0.00138758
Warm All,-0.003763579,0.00172204,-0.000778312,0.000376291,-0.000282669,0.00016617,-0.004234693,0.001891299
Warm Female,-0.005748351,0.00206715,-0.000880913,0.000452544,-0.000577741,0.000199066,-0.004710558,0.00228087
Warm Male,-0.002181919,0.002004817,-0.000697446,0.000437546,-4.60831E-05,0.000193618,-0.003864571,0.002194607
Cold All,-1.93209E-05,0.002411172,0.000270837,0.00035464,-0.000727463,0.000360312,-0.000306773,0.001686949
Cold Female,0.001815111,0.003083586,0.000622223,0.000452179,-0.000888549,0.000463416,0.001582655,0.002166521
Cold Male,-0.001609707,0.00258935,-3.64957E-05,0.00038185,-0.000591227,0.000385471,-0.001925833,0.001804576
Age 0-10 All,-0.004786141,0.002847515,-0.001317682,0.000517347,0.000113464,0.000311422,-0.001797326,0.00252949
Age 0-10 Female,-0.007537198,0.003954123,-0.001517752,0.000717496,-0.000319936,0.000433247,-0.000950341,0.003508927
Age 0-10 Male,-0.002795219,0.003477295,-0.001171442,0.000632594,0.000424677,0.00037964,-0.002401234,0.003091852
Age 11-60 All,-0.001257621,0.001535163,1.00427E-05,0.000274436,-0.000303975,0.000169946,-0.002182711,0.001337247
Age 11-60 Female,-0.001727323,0.002048054,0.000207298,0.000363679,-0.000611368,0.000227695,-0.00049121,0.001784904
Age 11-60 Male,-0.000934867,0.001724671,-0.000135224,0.000309751,-8.97807E-05,0.000190356,-0.003398038,0.001501367
Age 60+All,-0.003091091,0.002377025,-6.51734E-05,0.000423038,-0.000663147,0.000263485,-0.001210248,0.002085716
Age 60+ Female,-0.000944171,0.002828562,0.000376537,0.000502184,-0.000596639,0.000314074,-0.001361827,0.002472792
Age 60+ Male,-0.00634831,0.003279345,-0.000742296,0.000585539,-0.000763098,0.000362935,-0.000970295,0.002894025
All: LAG 14,-0.003946939,0.001427849,-0.000453037,0.000255134,-0.000483423,0.000158538,-0.001070357,0.001247106
Female,-0.003054806,0.001783773,-0.000133865,0.00031714,-0.000587691,0.000198562,0.000437078,0.001556629
Male,-0.0046774,0.001585342,-0.000720035,0.000284287,-0.000397821,0.000175715,-0.002318903,0.001384663
Warm All,-0.004952114,0.001721621,-0.001065025,0.000372201,-0.000344461,0.000167444,-0.00492022,0.001888386
Warm Female,-0.005324987,0.002073531,-0.001058272,0.000448974,-0.000410572,0.000201227,-0.004413811,0.002283174
Warm Male,-0.004647982,0.001999888,-0.00106938,0.000431824,-0.000290734,0.000194724,-0.005314022,0.002186321
Cold All,-0.003485218,0.002410814,-6.99049E-05,0.000356281,-0.001296519,0.00035748,0.001435177,0.001685343
Cold Female,-0.000991266,0.003085358,0.000404775,0.000454417,-0.001489381,0.000459636,0.003369199,0.002163691
Cold Male,-0.005632654,0.002585314,-0.000482593,0.000383035,-0.001132352,0.000382808,-0.000217708,0.001802506
Age 0-10 All,-0.003522678,0.002843314,-0.001128522,0.000514724,0.000234203,0.000312952,-0.002347428,0.00252943
Age 0-10 Female,-0.000190823,0.003942635,-0.000966092,0.00071336,0.000851114,0.00043451,0.001533799,0.00349344
Age 0-10 Male,-0.005939129,0.003476701,-0.00124757,0.000629943,-0.0002094,0.000382234,-0.005193228,0.003101977
Age 11-60 All,-0.003803587,0.001534795,-0.00039802,0.000274,-0.000502439,0.000170455,-0.001189734,0.001333169
Age 11-60 Female,-0.003128666,0.002050729,-1.20288E-05,0.000363855,-0.000725894,0.000228339,0.000426706,0.001782065
Age 11-60 Male,-0.004277682,0.001722874,-0.000676081,0.000308732,-0.000345638,0.000191065,-0.002341151,0.001494976
Age 60+All,-0.004801453,0.00237537,-0.000250758,0.000421857,-0.000885003,0.000264671,0.000182119,0.00208854
Age 60+ Female,-0.004229424,0.002825897,-9.63809E-05,0.000500794,-0.000904203,0.000315565,-1.83014E-05,0.002473524
Age 60+ Male,-0.005670119,0.003277795,-0.000487613,0.000583714,-0.000855957,0.000364396,0.00049287,0.002900384
