G40-G47,BETA,SEBeta,BETA,SEBeta,BETA,SEBeta,BETA,SEBeta
Air Pollutant:,AQHI,,CO,,O3,,PM2.5,
All: LAG 0,-0.003863624,0.006362532,0.07248011,0.05807802,-0.001869239,0.000741529,-0.001244762,0.000810093
Female,-0.0005923,0.007841414,0.0892978,0.07140283,-0.001133169,0.000916284,-0.001061647,0.000996216
Male,-0.008996854,0.010070483,0.04597261,0.09218554,-0.003041333,0.001170059,-0.001550676,0.001287226
Warm All,-0.002118989,0.006094676,0.11340637,0.07574491,-0.001639224,0.000690939,-0.001768768,0.000878199
Warm Female,0.004001498,0.007437836,0.1452736,0.092415,-0.000464782,0.000846184,-0.000709138,0.00106547
Warm Male,-0.012160016,0.009501781,0.06216108,0.11811804,-0.003513492,0.001072315,-0.00357141,0.001383601
Cold All,-0.005812939,0.006747964,0.05502629,0.04814549,-0.002531615,0.000822845,-0.000975291,0.000754565
Cold Female,-0.004949755,0.008429043,0.06379786,0.05977584,-0.002194233,0.001028054,-0.001374142,0.000942588
Cold Male,-0.006772655,0.010828374,0.04319727,0.07782827,-0.003091086,0.00132168,-0.000325443,0.001210884
Age 0-10 All,-0.02705176,0.03081632,-0.2684957,0.29134,0.000367133,0.003561794,-0.006050779,0.003994672
Age 0-10 Female,-0.04614501,0.04118574,-0.4464965,0.3999479,-0.000175811,0.004733798,-0.006254578,0.005275962
Age 0-10 Male,-0.01092404,0.03938355,-0.1209521,0.3649298,0.00076587,0.004575092,-0.00595475,0.005152987
Age 11-60 All,-0.004064712,0.007440148,0.02603651,0.0678364,-0.001903138,0.000870013,-0.00092267,0.000945352
Age 11-60 Female,0.000656764,0.009250145,0.02311936,0.08383935,-0.001082942,0.001084414,-0.000747588,0.001173092
Age 11-60 Male,-0.01228202,0.01215226,0.03159445,0.11189488,-0.003333232,0.001416069,-0.001258464,0.001549552
Age 60+All,6.62E-05,0.0120911,0.24237649,0.10978752,-0.002122929,0.001399977,-0.001449718,0.001545437
Age 60+ Female,0.000771194,0.015850351,0.34958035,0.14521469,-0.001408946,0.001838427,-0.001451007,0.002024148
Age 60+ Male,-0.000659186,0.018333354,0.1070732,0.1646418,-0.003066683,0.002118766,-0.001420439,0.002346872
All: LAG 1,-0.007723958,0.006386431,0.07040135,0.05828782,-0.002269792,0.000745564,-0.000628313,0.000808279
Female,0.006085081,0.007867261,0.184340217,0.071462391,-0.002104736,0.000922558,0.00111749,0.000992117
Male,-0.029307669,0.010079791,-0.10998116,0.09241627,-0.002532885,0.001170656,-0.003404081,0.001282961
Warm All,-0.013807722,0.006105972,0.0817492,0.0756066,-0.002226975,0.00069623,-0.002310481,0.000872717
Warm Female,0.003008505,0.007468782,0.258096102,0.091981608,-0.000946683,0.000855488,0.0001952,0.001062889
Warm Male,-0.0406996,0.009490961,-0.20264858,0.1179369,-0.00423256,0.001076094,-0.006421952,0.001367192
Cold All,-0.00116003,0.006780938,0.06800144,0.04844018,-0.002625412,0.000823909,0.000423536,0.000755347
Cold Female,0.008390804,0.008421914,0.15963124,0.05984461,-0.004280579,0.001024866,0.001584883,0.000935389
Cold Male,-0.01526923,0.01086749,-0.07267935,0.07815619,-0.000116631,0.001317914,-0.001319977,0.001215977
Age 0-10 All,-0.002439119,0.031002786,-0.0415405,0.2876255,-0.000653097,0.003570178,0.001625612,0.003979885
Age 0-10 Female,0.01351258,0.04146797,0.1834661,0.3919114,-0.001563632,0.004686934,0.005057916,0.005257635
Age 0-10 Male,-0.01504466,0.03957075,-0.2117551,0.3629974,0.000169875,0.004631798,-0.001240582,0.005130452
Age 11-60 All,-0.007990047,0.007466699,0.05431114,0.06811082,-0.001812303,0.000874188,-0.000557688,0.000943303
Age 11-60 Female,0.009355697,0.009288295,0.17716233,0.08420756,-0.001153092,0.001091596,0.00141182,0.001170366
Age 11-60 Male,-0.038031587,0.012162387,-0.1643051,0.1117513,-0.002955568,0.001416287,-0.00402598,0.001544504
Age 60+All,-0.007584228,0.012087271,0.1312319,0.1101857,-0.003754864,0.001405228,-0.001048329,0.001533869
Age 60+ Female,-0.004365262,0.015859841,0.2072638,0.1448419,-0.005036274,0.001858404,-0.000122386,0.002004659
Age 60+ Male,-0.01186446,0.01829772,0.03337282,0.16617998,-0.002137185,0.002107746,-0.002295086,0.002333906
All: LAG2,-0.016970648,0.006411046,-0.03317358,0.05814747,-0.002325273,0.000746634,-0.001295343,0.000811038
Female,-0.00841757,0.007908141,0.0980785,0.0714579,-0.003455875,0.000925102,-9.14E-05,0.000998078
Male,-0.03053525,0.0101261,-0.241371774,0.092103762,-0.000588772,0.001169968,-0.003222627,0.001284593
Warm All,-0.022602247,0.006116792,-0.06532502,0.07421016,-0.002516528,0.00070054,-0.002332279,0.000874577
Warm Female,-0.016620209,0.007486646,0.0622933,0.09038546,-0.002632135,0.000861276,-0.001547316,0.001067049
Warm Male,-0.032200006,0.009493662,-0.27110231,0.11545096,-0.00234007,0.001079432,-0.003642038,0.001362812
Cold All,-0.009382705,0.006828422,-0.01142722,0.04862745,-0.002275009,0.000819058,-0.000708909,0.000758218
Cold Female,0.003174613,0.008479146,0.12037655,0.06028052,-0.004988009,0.00102159,0.00074232,0.0009409
Cold Male,-0.02897748,0.01103464,-0.218396132,0.078722077,0.001883137,0.001310827,-0.002974423,0.001226288
Age 0-10 All,0.03016609,0.03121571,0.1175601,0.2867823,0.00240087,0.003664273,0.004822063,0.003958644
Age 0-10 Female,-0.008191028,0.042254132,0.145353,0.3966636,0.000914912,0.004896118,0.000841215,0.005351765
Age 0-10 Male,0.06182324,0.0394824,0.09813726,0.35614816,0.003556938,0.004684933,0.008100652,0.005014585
Age 11-60 All,-0.024623672,0.007509077,-0.09094232,0.06803607,-0.001934056,0.000875534,-0.001758396,0.000949417
Age 11-60 Female,-0.0133903,0.009338296,0.04636029,0.08426967,-0.002451592,0.001095753,-0.00047653,0.001178198
Age 11-60 Male,-0.044605457,0.012262485,-0.335762514,0.11163023,-0.001059459,0.001411715,-0.00406314,0.001554269
Age 60+All,-0.002769567,0.012096848,0.1040141,0.1097416,-0.003979961,0.001406232,-0.000850703,0.001532668
Age 60+ Female,0.006597188,0.015869396,0.25177917,0.14411299,-0.00690255,0.00185109,0.000977001,0.002004456
Age 60+ Male,-0.01472905,0.01828961,-0.08948887,0.16582256,-0.000181408,0.002118642,-0.00323029,0.002325676
All: LAG 3,-0.015272086,0.006414358,-0.11749332,0.05829853,-0.000299449,0.000751252,-0.001391972,0.000808273
Female,-0.009600891,0.007926957,-0.04393824,0.07187865,-0.000314267,0.000930655,-0.001005285,0.00099874
Male,-0.02441399,0.01009908,-0.23483587,0.09208613,-0.000286082,0.001177139,-0.002033346,0.001272395
Warm All,-0.010388077,0.006128095,-0.16407536,0.07500609,-0.000527811,0.000706563,-0.000449095,0.000869757
Warm Female,-0.014146246,0.007505533,-0.15764812,0.0912507,0.000253565,0.000867714,-0.001090979,0.00106365
Warm Male,-0.004784021,0.009512085,-0.1792136,0.1174882,-0.001764173,0.001091816,0.00050472,0.001353028
Cold All,-0.018175698,0.006835066,-0.08373372,0.04872642,-0.000280882,0.000823781,-0.001968082,0.00075819
Cold Female,0.000453872,0.008511005,0.01306633,0.06067919,-0.001362796,0.001029123,-0.000924002,0.000945429
Cold Male,-0.04783285,0.01094022,-0.237084054,0.078100085,0.001400138,0.001310204,-0.003613363,0.00121196
Age 0-10 All,-0.01667893,0.03107007,-0.150422,0.285731,0.000110134,0.003665447,0.000652233,0.003918347
Age 0-10 Female,-0.002261454,0.0413482,-0.1345491,0.3927168,0.002172804,0.004900403,0.000533786,0.005272488
Age 0-10 Male,-0.02701415,0.03989691,-0.1506788,0.3572609,-0.001827014,0.004688777,0.001022938,0.004984111
Age 11-60 All,-0.02395237,0.007502743,-0.192056097,0.068158411,-0.000727332,0.000880275,-0.002248039,0.000945207
Age 11-60 Female,-0.017896747,0.009342664,-0.10450361,0.08446476,-0.000527395,0.001100004,-0.001562475,0.001174907
Age 11-60 Male,-0.034841208,0.012216087,-0.351237544,0.111933098,-0.001078665,0.001421819,-0.003504191,0.001542716
Age 60+All,0.00829417,0.01211763,0.08690602,0.11008421,0.000805775,0.001412375,0.000642244,0.001528218
Age 60+ Female,0.01482831,0.01596449,0.150637,0.1459674,9.12E-05,0.001857688,0.000534726,0.002021875
Age 60+ Male,-0.000390402,0.018220938,0.005920456,0.164296739,0.001743401,0.002128066,0.000750885,0.002285523
All: LAG 4,-0.01080258,0.00643939,-0.04247117,0.05840808,2.28E-05,0.000753095,-0.001182309,0.000809669
Female,0.001564642,0.007956859,0.05089882,0.07162056,0.00011292,0.000932836,0.000402289,0.000996388
Male,-0.030203321,0.010125459,-0.1938659,0.09292891,-0.000112547,0.001179449,-0.003709912,0.00128123
Warm All,-0.001272263,0.006129789,-0.01426129,0.07475207,-0.0004064,0.000710188,-5.14E-05,0.000865988
Warm Female,0.008382689,0.007508854,0.0970995,0.09095805,-5.68E-05,0.000874171,0.001209057,0.001054711
Warm Male,-0.01638468,0.00954643,-0.19651167,0.1177173,-0.000934879,0.001098078,-0.002085942,0.001361162
Cold All,-0.018602823,0.006859655,-0.05549186,0.04886,0.000776927,0.000822074,-0.00194575,0.000760059
Cold Female,-0.002889168,0.008571618,0.0295801,0.0605115,0.000434707,0.001027952,-0.000218157,0.000946237
Cold Male,-0.04317672,0.01093815,-0.19249992,0.07887982,0.001300793,0.001308249,-0.00468129,0.00121875
Age 0-10 All,-0.0296304,0.03128457,-0.314393,0.2839675,-0.000393378,0.003574537,-0.002807828,0.003991781
Age 0-10 Female,-0.02691044,0.04177515,-0.3538226,0.3846357,-0.006109475,0.004762576,-0.004722849,0.005394093
Age 0-10 Male,-0.03251759,0.04008871,-0.2911552,0.3590122,0.004411539,0.004587726,-0.001166685,0.005064805
Age 11-60 All,-0.014831298,0.007539208,-0.0666716,0.06839196,-0.000756967,0.000883445,-0.00137509,0.000946267
Age 11-60 Female,-0.002126065,0.009379715,0.02071003,0.08427015,-0.000209412,0.001103373,0.000525055,0.001170513
Age 11-60 Male,-0.03728631,0.012268943,-0.22865534,0.11326756,-0.001695897,0.001427593,-0.004813353,0.001554803
Age 60+All,0.002620456,0.012138886,0.06060192,0.10985317,0.002134999,0.001415916,-0.000440883,0.001531049
Age 60+ Female,0.0158537,0.01603537,0.188788,0.1449907,0.001742643,0.001867046,0.00057373,0.002022739
Age 60+ Male,-0.01430146,0.01818543,-0.1026657,0.1648545,0.00264495,0.002126776,-0.00174269,0.002293801
All: LAG 5,0.003741546,0.006402765,0.07958229,0.05813575,7.11E-06,0.000753229,0.000761307,0.000800314
Female,0.010072478,0.007896733,0.12619401,0.07140821,0.000270727,0.000931649,0.001715815,0.000984341
Male,-0.006302523,0.010091545,0.004460394,0.092239853,-0.000412636,0.001182087,-0.000779284,0.001266987
Warm All,0.001975919,0.006103742,0.04626935,0.07427089,-0.00020976,0.000709985,0.001101093,0.000858458
Warm Female,0.006081435,0.007468656,0.08126327,0.09057151,0.000248977,0.000872219,0.001708077,0.001045974
Warm Male,-0.004646037,0.009499558,-0.01139452,0.11622747,-0.000927461,0.001098104,8.50E-05,0.001345484
Cold All,0.00895157,0.006816815,0.09805643,0.04871321,0.000349187,0.000826892,0.000512861,0.000749961
Cold Female,0.018323434,0.008482049,0.15015399,0.06034476,0.000305642,0.001031078,0.001716225,0.00093171
Cold Male,-0.005756721,0.010923088,0.01469478,0.07860804,0.00040906,0.001321123,-0.001399239,0.001204336
Age 0-10 All,0.04614028,0.03124036,0.3439934,0.2819856,-0.000562308,0.003585327,0.004105181,0.003915849
Age 0-10 Female,0.06726169,0.04165478,0.277552,0.3818698,0.002428209,0.004792086,0.004539297,0.005193151
Age 0-10 Male,0.02981837,0.04005039,0.3945313,0.3563093,-0.002738308,0.004585174,0.003876336,0.005040791
Age 11-60 All,-0.005522694,0.007497651,-0.002302396,0.068076759,0.000262376,0.000883132,-7.87E-05,0.000936613
Age 11-60 Female,0.002229449,0.009313535,0.04655174,0.0842536,0.00133128,0.001102425,0.000939835,0.001160011
Age 11-60 Male,-0.01933474,0.01223123,-0.09083259,0.11196065,-0.001591832,0.001428127,-0.001935535,0.001536064
Age 60+All,0.02279406,0.01205019,0.26165076,0.10931199,-0.000569152,0.001417672,0.002578994,0.001509244
Age 60+ Female,0.02773899,0.01591656,0.35134295,0.14375931,-0.003078626,0.00186164,0.003792243,0.001990462
Age 60+ Male,0.01657623,0.018063,0.1441514,0.164986,0.002793152,0.002140045,0.001008295,0.002266978
All: LAG 6,0.016484539,0.006362597,0.13827407,0.05830334,0.000516187,0.000754373,0.002429226,0.000793573
Female,0.021485375,0.007862039,0.239420034,0.071782046,-0.000608773,0.000935651,0.003222978,0.000979072
Male,0.008632305,0.01001416,-0.02185003,0.09221091,0.002258168,0.001178748,0.001177663,0.001252576
Warm All,0.0136181,0.006113902,0.17884273,0.07437933,-0.000112261,0.000708768,0.003229272,0.000856142
Warm Female,0.011563439,0.007482372,0.238284678,0.090925346,-0.00071052,0.000870549,0.002477369,0.001048708
Warm Male,0.01670042,0.00951834,0.08215741,0.11598884,0.000830585,0.001096388,0.004393573,0.001333451
Cold All,0.022705544,0.006702446,0.12348145,0.04901493,0.001334038,0.000831688,0.001845989,0.000740131
Cold Female,0.03746157,0.008361687,0.2449882,0.06082955,-0.000538874,0.001042777,0.003869613,0.000919314
Cold Male,-0.000178492,0.010689508,-0.06936308,0.07870987,0.004210991,0.001314141,-0.001322636,0.00118615
Age 0-10 All,0.01691399,0.03053255,0.06690076,0.28502526,0.001591212,0.003533135,0.001326135,0.003838287
Age 0-10 Female,-0.01567764,0.04092733,0.1410272,0.3781611,-0.005668717,0.004726753,-0.004551243,0.005177141
Age 0-10 Male,0.04486052,0.03902123,-0.003827791,0.366507225,0.007950898,0.004528564,0.006293517,0.004891182
Age 11-60 All,0.012449668,0.007448324,0.1119035,0.06821432,0.000114205,0.000884855,0.002396126,0.00092697
Age 11-60 Female,0.018754929,0.009271226,0.18804547,0.08466296,0.000464832,0.001105991,0.003216867,0.001153025
Age 11-60 Male,0.001337971,0.012109205,-0.02391456,0.11157345,-0.000490477,0.001428041,0.000951597,0.001510305
Age 60+All,0.02768308,0.0120401,0.22354337,0.10996563,0.001384633,0.001421751,0.002722984,0.001509309
Age 60+ Female,0.03441075,0.01585029,0.412754079,0.145065373,-0.003249595,0.001875363,0.004174232,0.001980135
Age 60+ Male,0.01885537,0.01813997,-0.0190901,0.1654469,0.007376211,0.002132139,0.000825122,0.002282852
All: LAG 7,0.016888863,0.006366733,0.11695585,0.05849636,0.000586484,0.000755672,0.00231479,0.000795786
Female,0.022678762,0.007856507,0.214517775,0.071926437,0.000368867,0.000935295,0.002749425,0.000980385
Male,0.007779398,0.010031141,-0.03770997,0.09247538,0.000927957,0.00118433,0.001630634,0.001257811
Warm All,0.020838714,0.006110721,0.23116717,0.074817795,0.000587457,0.000709022,0.002999019,0.00085647
Warm Female,0.021554369,0.007486242,0.297265299,0.091238631,0.000591331,0.000870739,0.002969352,0.001045707
Warm Male,0.019632119,0.009521073,0.1257522,0.1171026,0.00057507,0.001098407,0.003041728,0.001341979
Cold All,0.015189017,0.006689706,0.06898062,0.04905593,0.000474248,0.00083215,0.001776446,0.000741147
Cold Female,0.028063713,0.008334022,0.182559473,0.060930344,-0.000137778,0.001040469,0.002631511,0.000923265
Cold Male,-0.004996103,0.010684396,-0.11103472,0.07860058,0.001426509,0.001322223,0.000444353,0.001185011
Age 0-10 All,0.001119299,0.030511837,0.1810401,0.2787576,0.001530567,0.00356744,0.000210944,0.003840913
Age 0-10 Female,-0.074682,0.04116364,-0.4391633,0.3905346,2.49E-05,0.004754866,-0.011076383,0.005237288
Age 0-10 Male,0.06382849,0.03875282,0.63438891,0.34326499,0.002964789,0.004573801,0.009499996,0.004853846
Age 11-60 All,0.020006207,0.007437115,0.15879183,0.06826465,0.000365952,0.000885611,0.00280926,0.000927577
Age 11-60 Female,0.029868364,0.009250659,0.275137554,0.084422069,0.000795629,0.001105162,0.00387008,0.001152
Age 11-60 Male,0.002734863,0.012103551,-0.05060517,0.11225232,-0.000377351,0.001432596,0.000939823,0.00151506
Age 60+All,0.01072772,0.01207767,-0.004405929,0.111032659,0.001040702,0.001422948,0.001254307,0.001517202
Age 60+ Female,0.01164794,0.01583171,0.09481854,0.14623596,-0.000854306,0.001869694,0.000810322,0.001984677
Age 60+ Male,0.009780577,0.018284885,-0.1302699,0.1670205,0.003560982,0.002146578,0.001885269,0.002304501
All: LAG 8,0.007669436,0.006386557,0.07670013,0.05919123,0.000687572,0.000754023,0.001085084,0.000800405
Female,0.013140073,0.007901099,0.07411184,0.07311929,0.001213049,0.000934613,0.001502736,0.000989985
Male,-0.000834525,0.010013589,0.08117956,0.09303848,-0.000119122,0.001178743,0.00043537,0.001255865
Warm All,0.005701259,0.006161173,0.16197015,0.07580532,0.000425399,0.000706937,0.00016843,0.000867955
Warm Female,0.010679886,0.007566972,0.1506363,0.09284535,0.000536727,0.000870634,0.000784017,0.001065563
Warm Male,-0.002092408,0.009534745,0.1789998,0.1177139,0.000248381,0.0010896,-0.000801148,0.001344236
Cold All,0.014436772,0.006629559,0.04091581,0.04932194,0.001072223,0.000828692,0.001788104,0.000735951
Cold Female,0.020862816,0.008282704,0.04463294,0.06154844,0.002019771,0.001036452,0.002103639,0.000919375
Cold Male,0.004644177,0.01059302,0.0361561,0.07905527,-0.000375116,0.001321091,0.001314136,0.001176688
Age 0-10 All,-0.01729663,0.0306493,-0.07702424,0.28401324,0.004166969,0.003538312,0.001698312,0.003904463
Age 0-10 Female,-0.08664061,0.04151408,-0.73814265,0.40067283,0.007932884,0.004631079,-0.009039613,0.005332564
Age 0-10 Male,0.03996222,0.03887375,0.3839356,0.3481007,0.000994499,0.004615631,0.01030824,0.004933281
Age 11-60 All,0.009000921,0.007457982,0.08495491,0.06912449,0.000399148,0.00088281,0.001140751,0.000932416
Age 11-60 Female,0.018870741,0.009301231,0.13016608,0.08598182,0.001075101,0.001103624,0.002106573,0.001163073
Age 11-60 Male,-0.00798023,0.01206623,0.006902278,0.112438673,-0.000747187,0.001422854,-0.000501901,0.001508889
Age 60+All,0.007637,0.01211316,0.07495412,0.11240413,0.000959233,0.00142492,0.000832989,0.001525243
Age 60+ Female,0.007073949,0.015938576,-0.01169252,0.14773318,0.000760318,0.00188165,0.00078704,0.002004145
Age 60+ Male,0.008291137,0.01823013,0.1906123,0.1693392,0.001158349,0.00213453,0.000894703,0.002299956
All: LAG 9,0.006123506,0.006418779,0.02188775,0.05936205,0.000161411,0.000757082,0.001156094,0.000802822
Female,0.016374788,0.007923259,0.03781485,0.07346485,0.000558165,0.00093837,0.00222069,0.000990784
Male,-0.009918653,0.010088802,-0.003103918,0.092991825,-0.000442151,0.001182952,-0.000501213,0.001262845
Warm All,0.008043291,0.006218208,0.06785875,0.07679962,0.000495133,0.000713975,0.001070796,0.000870747
Warm Female,0.012383815,0.007619017,0.0699747,0.09419239,0.000895504,0.000877583,0.001145195,0.00106539
Warm Male,0.001359916,0.009641384,0.06409027,0.11866595,-0.0001031,0.001101396,0.000984741,0.001353754
Cold All,0.006835067,0.006668538,0.002198126,0.049442319,-0.000234088,0.000833399,0.0011689,0.000742346
Cold Female,0.023574235,0.00829553,0.0286832,0.06179358,-0.000158683,0.001043032,0.003054948,0.000923972
Cold Male,-0.01944776,0.01067084,-0.03886353,0.07880665,-0.000340827,0.001322937,-0.001776466,0.001187279
Age 0-10 All,0.0324797,0.03104958,0.46617873,0.2809603,0.001738784,0.003648764,0.004897924,0.003913971
Age 0-10 Female,0.000227185,0.041878484,0.1839031,0.3931456,0.004236444,0.004837835,-0.001199638,0.005291671
Age 0-10 Male,0.06049743,0.03951228,0.65786604,0.34756617,-0.000185532,0.004710504,0.01008638,0.004972765
Age 11-60 All,0.003954877,0.007494153,-0.02872561,0.06946367,1.28E-05,0.000885489,0.000375621,0.000938197
Age 11-60 Female,0.018227817,0.009310284,0.03189425,0.08624748,0.000552817,0.001106968,0.002124334,0.001164404
Age 11-60 Male,-0.02088172,0.01219498,-0.1344272,0.1132067,-0.000904293,0.001426726,-0.002655065,0.001530112
Age 60+All,0.008204106,0.012154232,0.09358302,0.11232188,0.000324635,0.001427121,0.002755812,0.001515054
Age 60+ Female,0.0123524,0.01602478,0.03863735,0.14886216,0.00015701,0.001879473,0.002912508,0.002000686
Age 60+ Male,0.002433606,0.018242205,0.1608144,0.1674813,0.00048743,0.00214432,0.002547802,0.002270228
All: LAG 10,0.004541425,0.006465437,0.07270298,0.05971253,0.000237676,0.000762215,0.000405448,0.000806444
Female,0.011588402,0.007979374,0.09901356,0.07374482,0.000338594,0.00094326,0.001635854,0.000993708
Male,-0.00643586,0.01016425,0.03223562,0.09379661,7.28E-05,0.001193396,-0.001518764,0.001270818
Warm All,0.001824346,0.006286739,0.10692965,0.07804419,0.000368973,0.000719817,-0.000284734,0.000879585
Warm Female,0.006843953,0.007685881,0.09150493,0.09513784,-0.000218439,0.000883897,0.000942603,0.001070684
Warm Male,-0.006055798,0.0097835,0.1306155,0.1218418,0.001281683,0.001112059,-0.002258044,0.001378407
Cold All,0.008873837,0.006701418,0.06272586,0.04966315,-0.000127409,0.000838053,0.000935118,0.00074328
Cold Female,0.018735948,0.008349693,0.11013385,0.06198013,0.000740476,0.001044933,0.002231216,0.000926679
Cold Male,-0.006512771,0.010669171,-0.01012659,0.07899941,-0.001496737,0.001332569,-0.001063756,0.001182007
Age 0-10 All,0.03114189,0.03099387,0.2926977,0.2838253,-0.000767139,0.003676279,0.003486798,0.003894768
Age 0-10 Female,-0.05255253,0.04192645,0.1922869,0.4000946,-0.002620845,0.004909956,-0.003901024,0.005334081
Age 0-10 Male,0.10032337,0.03930364,0.3707964,0.3486744,0.000529418,0.004706042,0.009515923,0.004891318
Age 11-60 All,0.0051492,0.007556211,0.06677739,0.06983943,0.00013497,0.000892351,0.00018696,0.000942193
Age 11-60 Female,0.019295984,0.009375492,0.15081066,0.08640731,0.000526463,0.001113312,0.002040978,0.001166767
Age 11-60 Male,-0.0195418,0.01231703,-0.0816375,0.1143361,-0.000528551,0.001441601,-0.003055394,0.00154157
Age 60+All,-0.000845002,0.012237904,0.05723104,0.11325482,0.000620272,0.001434837,0.000576235,0.00152649
Age 60+ Female,-0.004857545,0.016131914,-0.07394037,0.15002784,7.14E-06,0.001883863,0.001031055,0.002010095
Age 60+ Male,0.003715612,0.018331731,0.2235938,0.1686796,0.001287585,0.002160534,-4.50E-05,0.002289367
All: LAG 11,-0.002114593,0.006485374,0.02941094,0.06053571,-0.001080338,0.000757302,-0.00014111,0.00081066
Female,0.001644794,0.008019948,0.03834157,0.07457701,-0.000590016,0.000938228,0.000656009,0.001000526
Male,-0.00810733,0.01016706,0.01468594,0.09542106,-0.001841971,0.001184195,-0.001411146,0.001274588
Warm All,-0.003220422,0.006258949,0.09994045,0.07869131,-0.001529046,0.000708396,-0.000146591,0.000880474
Warm Female,-0.002380386,0.007662205,-0.01056384,0.09581731,-0.000939974,0.000871886,0.000553775,0.001073133
Warm Male,-0.004740881,0.009721259,0.27550248,0.1230619,-0.002439536,0.001092031,-0.001330603,0.001377197
Cold All,0.000553491,0.006784483,0.003499038,0.050521961,-0.000590722,0.000842441,-0.000181734,0.000750571
Cold Female,0.009488951,0.008482057,0.06587203,0.06280892,-0.000273723,0.001051353,0.000692473,0.000938001
Cold Male,-0.01329824,0.01072406,-0.09543862,0.08057292,-0.001058911,0.001335693,-0.001533352,0.001187281
Age 0-10 All,0.02416037,0.03124049,0.3828791,0.2871406,-0.003747772,0.003621901,0.00311733,0.003965615
Age 0-10 Female,-0.02407956,0.04165117,0.2831349,0.395579,-0.002799585,0.004782678,-9.08E-05,0.005342622
Age 0-10 Male,0.06717682,0.03999266,0.4730656,0.3585793,-0.004304109,0.004674176,0.006128028,0.005034663
Age 11-60 All,-0.00081846,0.007590657,0.02721271,0.07091672,-0.000933502,0.000886819,-0.000202934,0.000947288
Age 11-60 Female,0.009051127,0.009442094,0.12247246,0.08761073,-0.000632101,0.001108684,0.000980966,0.001174673
Age 11-60 Male,-0.01801493,0.01232671,-0.1436087,0.1164856,-0.001433605,0.00142831,-0.002298762,0.001546735
Age 60+All,-0.009299025,0.012227917,-0.01474311,0.1143773,-0.001130474,0.001428093,-0.000424764,0.00153199
Age 60+ Female,-0.01765033,0.01616531,-0.2474138,0.1514697,-0.000197181,0.001875016,-0.000201781,0.002028443
Age 60+ Male,0.000900557,0.018278539,0.2799977,0.1706722,-0.002394275,0.002154169,-0.000727661,0.00228548
All: LAG 12,0.000981219,0.006456476,-0.000469619,0.060444039,-0.000297126,0.000754007,-0.000253949,0.000806221
Female,0.001407919,0.007980144,-0.005839599,0.074543805,-0.000330889,0.0009351,0.00032458,0.000994412
Male,0.000281229,0.010145197,0.008900591,0.095140027,-0.000260089,0.001178648,-0.00116477,0.001270793
Warm All,-0.003398381,0.00622448,-0.11426672,0.07888334,-7.94E-05,0.000699557,-0.001214409,0.000876077
Warm Female,-0.001756693,0.007639611,-0.16458775,0.09656217,9.62E-06,0.000863666,-0.000171947,0.001069699
Warm Male,-0.006009038,0.009660989,-0.03645656,0.12256922,-0.000195248,0.001075888,-0.00291766,0.001371369
Cold All,0.008684098,0.006752275,0.0579418,0.05016286,-0.000812053,0.000844337,0.000486861,0.000744366
Cold Female,0.008719119,0.008425476,0.06972759,0.06238894,-0.000761995,0.001052527,0.000674983,0.000929192
Cold Male,0.008625888,0.010747196,0.04157234,0.08021341,-0.000916446,0.001345786,0.000218991,0.001183568
Age 0-10 All,0.02117195,0.03136219,-0.03646376,0.29282422,0.001676244,0.003619319,0.005922445,0.003904508
Age 0-10 Female,0.03161611,0.04181439,0.05161264,0.39954588,0.003017396,0.004785502,0.008874008,0.005149326
Age 0-10 Male,0.01773129,0.04019366,-0.06820546,0.36931878,0.000766586,0.004671418,0.004314365,0.005064041
Age 11-60 All,-0.001159457,0.007557353,-0.005911587,0.070718106,-0.000379855,0.000884105,-0.000852267,0.00094214
Age 11-60 Female,0.005575468,0.009386321,0.06322873,0.08740383,-0.000263537,0.001105328,0.000314025,0.001166926
Age 11-60 Male,-0.01303759,0.01231253,-0.129504,0.1160889,-0.00057911,0.001424698,-0.00291082,0.001542622
Age 60+All,0.003619335,0.012173165,0.01766175,0.11416418,-0.000379057,0.00141738,0.000474524,0.001527409
Age 60+ Female,-0.01463927,0.01611999,-0.2267864,0.1518373,-0.000913269,0.001866226,-0.000581273,0.00202729
Age 60+ Male,0.0264246,0.01818242,0.32766119,0.16970424,0.000236666,0.002132748,0.001783576,0.002274888
All: LAG 13,-0.002346394,0.006439197,-0.01972037,0.06007581,-0.000535718,0.000755212,-0.000294241,0.000801489
Female,0.007610285,0.007951997,-0.0149489,0.07414954,0.00096736,0.000935583,0.000764099,0.000987376
Male,-0.01797602,0.01013572,-0.02706895,0.0946039,-0.002870473,0.001182674,-0.00197359,0.001266626
Warm All,-0.004096154,0.006251465,0.031334,0.07827463,-0.00129158,0.000708592,-0.00047904,0.000872699
Warm Female,0.016821742,0.007640351,0.06255062,0.09572557,0.000554619,0.000870451,0.002476412,0.001058619
Warm Male,-0.037392942,0.009734285,-0.02301536,0.12186237,-0.004158597,0.001096261,-0.005346695,0.001375734
Cold All,0.001546013,0.006696437,-0.02729299,0.0500707,2.24E-05,0.000835801,-7.17E-05,0.000741091
Cold Female,-0.002054529,0.008376854,-0.04054309,0.06239216,0.001299071,0.001046247,-0.000518405,0.00092765
Cold Male,0.007082793,0.010625145,-0.005101489,0.079899271,-0.001961141,0.001324109,0.000635194,0.001174655
Age 0-10 All,0.01354673,0.03057596,-0.0115457,0.2889871,0.000241259,0.003548017,0.000885501,0.003804717
Age 0-10 Female,0.04360179,0.04057971,0.2639566,0.3847768,-0.000275413,0.004756529,0.00120307,0.005007189
Age 0-10 Male,-0.008315526,0.03945452,-0.1724391,0.3723869,0.000279657,0.004537681,0.001041823,0.004938263
Age 11-60 All,-0.00371484,0.007533496,-0.03119741,0.07018482,-0.00038677,0.000884655,-0.000716073,0.000936501
Age 11-60 Female,0.007222596,0.009370834,-0.00737722,0.08696302,0.001202149,0.001104505,0.000463753,0.001162569
Age 11-60 Male,-0.02281711,0.01225985,-0.07269917,0.11496534,-0.003121978,0.001429681,-0.002783047,0.001529976
Age 60+All,-0.001109841,0.012174138,0.008908434,0.1137428,-0.001049393,0.00142557,0.000675838,0.0015205
Age 60+ Female,0.005028424,0.016024818,-0.06210676,0.15126476,0.000375776,0.001875082,0.001703628,0.001995969
Age 60+ Male,-0.008964511,0.018347191,0.1017393,0.1691718,-0.002950202,0.002150842,-0.000633878,0.002299678
All: LAG 14,-0.006231063,0.006454495,-0.03610826,0.05993224,-0.000143193,0.000757674,-0.00072011,0.000803315
Female,-0.001554032,0.007963875,-0.01473526,0.07395929,0.000174511,0.000938729,-0.000421039,0.000988766
Male,-0.01371774,0.01017474,-0.07067794,0.09438903,-0.000631716,0.001186551,-0.001221862,0.001271294
Warm All,-0.006324736,0.006252818,0.001608722,0.077512207,-0.00069193,0.000712197,0.00017102,0.000865153
Warm Female,0.004524424,0.007659609,-0.01095851,0.0947675,-0.000249401,0.000876268,0.001188762,0.001053829
Warm Male,-0.023636453,0.009762975,0.01969791,0.1212653,-0.00137941,0.001104758,-0.00151131,0.001363266
Cold All,-0.006787319,0.006705395,-0.0338972,0.05000689,-0.000470376,0.000833335,-0.001231042,0.000747615
Cold Female,-0.008818072,0.008354544,0.004241551,0.062283463,-0.000274712,0.001042924,-0.001534141,0.000931652
Cold Male,-0.003800561,0.010711373,-0.09438287,0.07989669,-0.000761788,0.001321795,-0.000789125,0.001194182
Age 0-10 All,-0.006292072,0.030818003,0.09663141,0.28688527,-0.001611078,0.00356784,-0.000754493,0.003845817
Age 0-10 Female,0.001485627,0.041226118,0.4022243,0.3892747,0.002987771,0.004723734,-0.002091648,0.005132293
Age 0-10 Male,-0.01327015,0.03943994,-0.1381482,0.3637613,-0.005733754,0.004599577,0.00036103,0.004935984
Age 11-60 All,-0.00511978,0.007545139,-0.03055197,0.0699705,-0.000504806,0.00088887,-0.000378726,0.000936387
Age 11-60 Female,0.001014397,0.009379201,-0.009646023,0.086723873,-0.000112266,0.001109706,-5.33E-05,0.001162435
Age 11-60 Male,-0.0157807,0.01227869,-0.06776408,0.11444482,-0.001152353,0.001435642,-0.000959876,0.00152769
Age 60+All,-0.009558578,0.012221649,-0.07211193,0.11362923,0.001031723,0.001423129,-0.001719035,0.001532441
Age 60+ Female,-0.009698073,0.016030655,-0.07413752,0.15030098,0.000685404,0.001874425,-0.00134888,0.00200111
Age 60+ Male,-0.009406644,0.018498408,-0.0684847,0.1700979,0.001469865,0.002142364,-0.002197053,0.002332857
Air Pollutant:,AQHIX,,NO2,,O3H8,,SO2,
All: LAG 0,0.003472103,0.004312838,0.0011789,0.000760354,-0.00036282,0.000485723,-0.002639637,0.004131918
Female,0.004927142,0.005320893,0.001166395,0.000939348,4.49E-06,0.000599855,-0.00784597,0.005094963
Male,0.001289321,0.006814178,0.001223955,0.001199148,-0.000938357,0.000766248,0.005553715,0.006529342
Warm All,0.005395385,0.004131915,0.002334698,0.000921341,-0.000133293,0.000396116,0.00558923,0.005035101
Warm Female,0.007399655,0.005050508,0.002047111,0.001126404,0.000352036,0.00048513,0.006737875,0.006122399
Warm Male,0.002116043,0.006425624,0.00278222,0.001433248,-0.000908233,0.000613979,0.003583995,0.007899044
Cold All,0.002357634,0.00458594,0.000757475,0.000657494,-0.001238719,0.00074184,-0.006721784,0.003542363
Cold Female,0.003699457,0.005730604,0.000894583,0.000821892,-0.001005492,0.000927339,-0.015561075,0.004423204
Cold Male,0.000588335,0.007353161,0.000588952,0.001053809,-0.001585655,0.001189317,0.006985008,0.005674141
Age 0-10 All,-0.01472121,0.02072687,-0.001868313,0.003627204,-0.001616538,0.002357279,-0.02334769,0.02028434
Age 0-10 Female,-0.0434636,0.02773345,-0.004507805,0.004887521,-0.005766783,0.003131446,-0.06082848,0.02769901
Age 0-10 Male,0.009846693,0.026480859,0.00037813,0.004604041,0.001978471,0.003034885,0.005675883,0.025498921
Age 11-60 All,0.002327963,0.005049781,0.001008535,0.000890951,-0.000462626,0.000568563,-0.003267114,0.004825378
Age 11-60 Female,0.005474482,0.006284084,0.001193349,0.001107415,0.000103526,0.00070995,-0.006811171,0.005987943
Age 11-60 Male,-0.003031331,0.008233662,0.00071093,0.001456194,-0.001428971,0.000921588,0.003018642,0.007902936
Age 60+All,0.009301786,0.008176876,0.002108631,0.001440866,8.57E-05,0.000920223,0.001889148,0.007863683
Age 60+ Female,0.008910839,0.010729866,0.001759367,0.001905213,0.000366543,0.001201829,-0.005270619,0.010382991
Age 60+ Male,0.009988389,0.012381495,0.002577649,0.00216014,-0.000276943,0.001402255,0.01116892,0.01180735
All: LAG 1,-0.000681383,0.004324519,0.000477545,0.000759804,-0.000650004,0.000489338,-0.004214188,0.004184261
Female,0.006612761,0.005336083,0.001810134,0.000937678,-0.00026769,0.000603944,-0.000992363,0.005126324
Male,-0.011951498,0.006805156,-0.001568755,0.001194915,-0.001248008,0.000770458,-0.009360363,0.006664941
Warm All,-0.003131603,0.004141094,0.000138593,0.00091752,-0.000603376,0.000397993,-0.000489088,0.005038291
Warm Female,0.005527713,0.005066057,0.001697302,0.001122232,0.000172714,0.000487552,0.00691588,0.006113887
Warm Male,-0.01685852,0.00642949,-0.002326436,0.001424796,-0.001829365,0.000616915,-0.012800197,0.007926864
Cold All,0.002623324,0.004592156,0.000730492,0.00065829,-0.001037674,0.000750695,-0.006668295,0.003612782
Cold Female,0.008101336,0.005722099,0.001941044,0.000818612,-0.002231075,0.000935401,-0.005902995,0.004461072
Cold Male,-0.005379196,0.007322343,-0.00107121,0.001052415,0.000777848,0.001196942,-0.00768456,0.005849943
Age 0-10 All,-0.00328745,0.02080903,-0.000741855,0.003639861,-5.25E-05,0.002381746,-0.01142284,0.02051166
Age 0-10 Female,0.001170254,0.027907332,0.000806288,0.004883733,-0.000609571,0.003160171,-0.02618499,0.02795628
Age 0-10 Male,-0.006774562,0.026503999,-0.001957356,0.004634692,0.000411434,0.003059732,0.000734678,0.025797535
Age 11-60 All,-0.002340569,0.005059825,0.000100063,0.000890051,-0.000662191,0.000572214,-0.004166023,0.004873633
Age 11-60 Female,0.006307494,0.006306837,0.001600703,0.001108353,-0.000130007,0.000714064,-0.001220909,0.006022888
Age 11-60 Male,-0.017075392,0.008211725,-0.002458566,0.001446355,-0.001571725,0.000927542,-0.009408618,0.008034463
Age 60+All,0.004128045,0.008172744,0.001672594,0.001432262,-0.000718608,0.00092502,-0.003294336,0.007989539
Age 60+ Female,0.008105613,0.010733665,0.002558214,0.001887599,-0.000653938,0.001213127,0.002478666,0.01045467
Age 60+ Male,-0.001108813,0.012352947,0.000538395,0.002154994,-0.000817231,0.001401212,-0.01100417,0.01213091
All: LAG 2,-0.007822423,0.004336832,-0.000689028,0.000760542,-0.001162806,0.000490702,-0.012763536,0.004184791
Female,-0.000227002,0.00535672,0.000834521,0.000938205,-0.000925676,0.000608348,-0.004466616,0.005128304
Male,-0.019760391,0.0068277,-0.003082294,0.001198425,-0.001536532,0.000768985,-0.0261855,0.00668177
Warm All,-0.012650029,0.004132194,-0.00186833,0.000910332,-0.001324459,0.000399042,-0.02446201,0.005009563
Warm Female,-0.006358507,0.005065446,-0.00067495,0.001112718,-0.000794514,0.000491197,-0.015550757,0.006090227
Warm Male,-0.022553843,0.006391243,-0.003763255,0.001412775,-0.002144453,0.000613686,-0.03901993,0.00787238
Cold All,-4.06E-05,0.00463263,0.000187058,0.000661963,-0.000592099,0.000752026,-0.006277143,0.003618158
Cold Female,0.010304486,0.005760951,0.002028646,0.000823426,-0.001398297,0.000934817,0.001733441,0.004469366
Cold Male,-0.016092919,0.007459074,-0.002663355,0.00106438,0.000695735,0.001213594,-0.019184042,0.00589904
Age 0-10 All,0.007436694,0.020940596,0.001080509,0.003661351,0.00066666,0.002401378,0.03496438,0.01985351
Age 0-10 Female,-0.01771719,0.02825103,-0.002312642,0.004903227,-0.001865395,0.003240457,0.02291837,0.02677284
Age 0-10 Male,0.02853337,0.02654204,0.004074662,0.004670782,0.002710163,0.003043291,0.04588589,0.02521205
Age 11-60 All,-0.013222881,0.005083377,-0.001986396,0.000893523,-0.001118021,0.000574126,-0.0157847,0.0049137
Age 11-60 Female,-0.003789313,0.006330333,-0.000442219,0.001111993,-0.000452867,0.000717849,-0.007646341,0.0060539
Age 11-60 Male,-0.029803349,0.008271139,-0.004697602,0.001454687,-0.002267825,0.000927649,-0.030737047,0.008155714
Age 60+All,0.004502377,0.008170208,0.002472866,0.001423448,-0.001518291,0.000929152,-0.011273533,0.007883427
Age 60+ Female,0.01245787,0.01073614,0.004951165,0.001865593,-0.002237443,0.001225693,0.002451092,0.010332205
Age 60+ Male,-0.00571337,0.01232396,-0.000746014,0.002153463,-0.000587207,0.001395801,-0.02910642,0.01195031
All: LAG 3,-0.011000135,0.004349665,-0.00164733,0.000764019,-0.000931008,0.00049232,-0.009130858,0.004138454
Female,-0.007794916,0.005385093,-0.000894388,0.000945328,-0.000936317,0.000609403,-0.007052805,0.005100788
Male,-0.016113049,0.006829132,-0.002837692,0.001200143,-0.000935859,0.000772811,-0.012484073,0.006544257
Warm All,-0.010285501,0.004151749,-0.001883361,0.000916237,-0.000894481,0.000401108,-0.016943489,0.004951898
Warm Female,-0.013960241,0.005094274,-0.003285152,0.00112261,-0.000863329,0.000492731,-0.021605969,0.006062058
Warm Male,-0.004673589,0.006426823,0.000303667,0.001420825,-0.000955294,0.000620024,-0.009713592,0.007697912
Cold All,-0.00877139,0.004651601,-0.001063152,0.000667957,-0.000919207,0.000745688,-0.003801296,0.003591456
Cold Female,0.004547472,0.005800887,0.001007525,0.000832722,-0.000908212,0.000928109,0.002052459,0.004456945
Cold Male,-0.02982489,0.007417705,-0.004325924,0.001064865,-0.00096059,0.001194045,-0.013112086,0.005780728
Age 0-10 All,-0.01199972,0.02081733,-0.002952441,0.00359423,0.000279837,0.002407196,-0.006181706,0.019975367
Age 0-10 Female,-0.004824722,0.027572836,-0.001903525,0.004804514,0.000856254,0.003171026,-0.03456245,0.02654115
Age 0-10 Male,-0.01664955,0.02683796,-0.003544182,0.00460157,-0.000172724,0.003114397,0.01956911,0.02566774
Age 11-60 All,-0.016863232,0.005093369,-0.002413093,0.000896765,-0.001552412,0.000575767,-0.011054848,0.004859234
Age 11-60 Female,-0.014268825,0.006354987,-0.001873231,0.001116866,-0.001480313,0.000719132,-0.005957446,0.006003532
Age 11-60 Male,-0.02148306,0.008265457,-0.003373983,0.001458503,-0.001688105,0.000932142,-0.02035054,0.00801505
Age 60+All,0.004790165,0.008207584,0.000556496,0.001437049,0.00057827,0.000929247,-0.004477402,0.007754842
Age 60+ Female,0.01144535,0.01082301,0.002143037,0.001895688,0.000529206,0.001223286,-0.007298034,0.010337487
Age 60+ Male,-0.003996647,0.012325294,-0.001506636,0.002156537,0.00061822,0.001398664,-0.001042147,0.011500282
All: LAG 4,-0.005907818,0.004364714,-0.001230089,0.000769805,-0.000159537,0.000491319,-0.007566222,0.004096275
Female,0.00206116,0.005398658,-4.58E-06,0.000952687,0.000496591,0.000607314,-0.006409509,0.00506126
Male,-0.01834267,0.00685079,-0.003139466,0.001207455,-0.001184165,0.000771785,-0.009385195,0.006444349
Warm All,0.000190202,0.004147039,0.000121317,0.000915377,-2.77E-05,0.000400727,-0.008376804,0.004902034
Warm Female,0.00776227,0.005082953,0.00150971,0.001119798,0.000643169,0.000491963,-0.005695483,0.005987363
Warm Male,-0.01163619,0.00645089,-0.002067102,0.001428582,-0.00106818,0.000621708,-0.012597417,0.007675448
Cold All,-0.010177287,0.004674006,-0.001576123,0.000674017,-4.86E-05,0.000738391,-0.006483505,0.003547962
Cold Female,-0.001563437,0.00585179,-0.000407199,0.000844476,0.000481681,0.000921066,-0.006529338,0.00443591
Cold Male,-0.023498643,0.007428004,-0.003377511,0.001069924,-0.000881479,0.001179735,-0.006392492,0.00565032
Age 0-10 All,-0.02012032,0.02090317,-0.003108275,0.003633378,-0.001568239,0.002373637,-0.02271138,0.01990276
Age 0-10 Female,-0.003681385,0.027621587,0.001770257,0.004839378,-0.002744939,0.003138201,-0.04828733,0.02755486
Age 0-10 Male,-0.03511947,0.02702318,-0.007315719,0.004665465,-0.000600145,0.003065537,-0.003807202,0.024780424
Age 11-60 All,-0.007952566,0.005112732,-0.001317495,0.000903172,-0.000565046,0.000574983,-0.01007204,0.004807182
Age 11-60 Female,-0.001400254,0.006376577,-0.000486656,0.001124583,0.000153984,0.000718081,-0.004349355,0.005948145
Age 11-60 Male,-0.019359251,0.008282713,-0.002784754,0.001467205,-0.001799375,0.000929112,-0.020411872,0.007898639
Age 60+All,0.001631306,0.008233427,-0.000707968,0.001449606,0.001121937,0.000927676,0.001119857,0.007679019
Age 60+ Female,0.01316636,0.01084657,0.001258999,0.001919398,0.001875551,0.001215371,-0.008346608,0.010268819
Age 60+ Male,-0.01326547,0.01237473,-0.003195391,0.002165187,0.000127198,0.001404699,0.01268381,0.0113265
All: LAG 5,0.001199055,0.004348546,0.000251078,0.000769443,3.62E-05,0.000488518,-0.006955613,0.004064303
Female,0.002783899,0.00536892,0.00066538,0.000950384,-6.91E-06,0.000603136,-0.00071114,0.004996548
Male,-0.001267326,0.006843542,-0.00039233,0.00121004,0.000103861,0.000768842,-0.016947154,0.006440429
Warm All,-0.000197455,0.004133739,7.72E-05,0.000913066,-6.45E-05,0.000399036,-0.009559019,0.00481824
Warm Female,0.00208993,0.005061132,0.000298527,0.00111809,0.000227931,0.000488955,-0.002612794,0.005851046
Warm Male,-0.003821711,0.006427738,-0.000276206,0.001419371,-0.000524508,0.000619687,-0.020947143,0.007599164
Cold All,0.00584001,0.004666527,0.000655936,0.000675595,0.000784548,0.00073617,-0.005679635,0.003545708
Cold Female,0.006586851,0.005820525,0.00121781,0.000842562,-0.000530398,0.000916441,9.92E-05,0.004411205
Cold Male,0.004800176,0.007454335,-0.000207568,0.001078874,0.002885715,0.001178893,-0.014802033,0.005681138
Age 0-10 All,0.03232162,0.02107278,0.005911181,0.003683582,0.001578117,0.002374187,-0.01312837,0.02026514
Age 0-10 Female,0.05079921,0.02799626,0.007090064,0.004879733,0.00481496,0.003178108,-0.01079659,0.02682587
Age 0-10 Male,0.01720782,0.02710736,0.004855444,0.004750546,-0.000907966,0.003033164,-0.01499818,0.02612774
Age 11-60 All,-0.006751655,0.005091542,-0.001049381,0.000902339,-0.000550377,0.000571501,-0.01142659,0.0047705
Age 11-60 Female,-0.005051956,0.006336586,-0.000943267,0.001122822,-0.000261413,0.000712741,-0.004317712,0.005903171
Age 11-60 Male,-0.009698263,0.008283007,-0.001226731,0.001468161,-0.001051833,0.000926248,-0.024204369,0.007843948
Age 60+All,0.018140121,0.008188362,0.002898057,0.001445583,0.00140215,0.000921863,0.005548318,0.007574987
Age 60+ Female,0.02121047,0.01080334,0.004773412,0.001909972,0.000255706,0.001207561,0.011041074,0.009990088
Age 60+ Male,0.01420435,0.01229307,0.000498088,0.002165885,0.002945148,0.001396593,-0.001524813,0.011372223
All: LAG 6,0.009528246,0.004322809,0.001213115,0.000763305,0.001055718,0.000489304,0.008359152,0.003987026
Female,0.01246805,0.00534377,0.002372768,0.000944551,0.00058378,0.000604772,0.014790773,0.004898472
Male,0.004900249,0.006797569,-0.000592446,0.001197399,0.001798368,0.000769363,-0.001918263,0.006323675
Warm All,0.007331501,0.004141383,0.001639641,0.00091,0.000498521,0.000400255,0.011912305,0.004712054
Warm Female,0.007149515,0.005068078,0.002183884,0.001113489,0.000207762,0.00049006,0.015992243,0.005747679
Warm Male,0.007500917,0.006445617,0.00073939,0.001416697,0.000956038,0.000622174,0.005378308,0.007375691
Cold All,0.014789999,0.004589362,0.001277404,0.000668814,0.003248292,0.000729852,0.00641682,0.003495731
Cold Female,0.022182525,0.005735726,0.002835341,0.000836174,0.002130066,0.000914147,0.013877857,0.004330667
Cold Male,0.003338747,0.007304568,-0.00112451,0.001061646,0.005000923,0.00116026,-0.005525712,0.005624627
Age 0-10 All,0.01198807,0.02076314,0.001099041,0.003603554,0.001744617,0.002358526,-0.006352451,0.019336728
Age 0-10 Female,0.01241,0.02753718,0.003256595,0.004778057,-0.000475779,0.003145074,0.007830229,0.025714878
Age 0-10 Male,0.01207484,0.02676546,-0.000822726,0.004645762,0.00381039,0.003029661,-0.01848654,0.02487154
Age 11-60 All,0.004565078,0.005061012,0.000793529,0.000893816,0.000284828,0.000572657,0.005998226,0.004669262
Age 11-60 Female,0.006045976,0.006302384,0.001223859,0.001113883,0.000202056,0.000713693,0.011532508,0.005784183
Age 11-60 Male,0.001919515,0.008221428,3.64E-05,0.001450084,0.000424017,0.000928791,-0.003842433,0.007652788
Age 60+All,0.022817974,0.008169744,0.002427138,0.001444601,0.00303388,0.000924665,0.016956083,0.007517724
Age 60+ Female,0.032397372,0.010778445,0.005856592,0.001910715,0.001869681,0.001214427,0.025491157,0.009830832
Age 60+ Male,0.01036569,0.01228177,-0.001926874,0.002162308,0.004564039,0.001398238,0.005485869,0.011420845
All: LAG 7,0.010000702,0.004311614,0.001291389,0.000760629,0.001087474,0.000489802,0.009069765,0.00397514
Female,0.013658162,0.005328109,0.002173659,0.000940463,0.001072003,0.000605915,0.011933055,0.004887373
Male,0.004259749,0.00677691,-8.68E-05,0.001193809,0.001111215,0.000768858,0.004495045,0.006297503
Warm All,0.014327382,0.004124762,0.002896541,0.000900149,0.001113197,0.000401248,0.009152153,0.004727002
Warm Female,0.013495275,0.005064076,0.003091373,0.001105115,0.000876318,0.000492843,0.010609292,0.005760342
Warm Male,0.01558813,0.006406814,0.002582643,0.001397637,0.001480196,0.000622287,0.006745063,0.007416465
Cold All,0.007540774,0.004565102,0.000782577,0.000666724,0.001242324,0.000723386,0.009047836,0.003463795
Cold Female,0.017607307,0.005693626,0.002136725,0.000832511,0.002039014,0.000904466,0.01305083,0.00430409
Cold Male,-0.008199911,0.007272884,-0.001326467,0.001060406,9.86E-06,0.001149521,0.002698992,0.005559186
Age 0-10 All,0.005932943,0.02055843,-0.000842416,0.003586448,0.002360566,0.002341686,0.004173261,0.019290096
Age 0-10 Female,-0.0199231,0.02755613,-0.006829071,0.004852514,0.002352743,0.003124134,-0.03162302,0.02669862
Age 0-10 Male,0.0274209,0.02622553,0.00392518,0.004539362,0.002433532,0.002998055,0.03094214,0.02397326
Age 11-60 All,0.011352687,0.005045515,0.001705574,0.000891054,0.000990261,0.000572625,0.007860531,0.004655407
Age 11-60 Female,0.016363256,0.006282637,0.002537622,0.001108234,0.001347636,0.000715172,0.01179277,0.00575846
Age 11-60 Male,0.002592373,0.008195763,0.000243645,0.001450199,0.000372524,0.000925348,0.000769881,0.00764785
Age 60+All,0.007093883,0.008144968,0.000504189,0.00143397,0.001196575,0.000927695,0.013074856,0.007475336
Age 60+ Female,0.009437949,0.010706475,0.002098311,0.001893853,0.000139827,0.00121368,0.016914384,0.009778581
Age 60+ Male,0.004159944,0.012283347,-0.001522145,0.0021489,0.00263665,0.001407915,0.008116016,0.011355846
All: LAG 8,0.003802882,0.004328872,0.000308193,0.000766262,0.000598541,0.000487089,0.003973677,0.004002886
Female,0.004913836,0.005360926,0.000695529,0.000948881,0.000480481,0.000603278,0.006042496,0.004926825
Male,0.002081735,0.00677759,-0.000294218,0.001199665,0.000784068,0.000762688,0.000680769,0.006332013
Warm All,0.004166935,0.004165884,0.000948582,0.00091328,0.000272435,0.000400441,-0.004454295,0.004794144
Warm Female,0.004591641,0.005115661,0.001745174,0.001121047,-3.19E-05,0.000492259,-0.003265028,0.005839865
Warm Male,0.003516728,0.006450128,-0.000293752,0.001414439,0.000746915,0.00061892,-0.006441471,0.00751941
Cold All,0.007079976,0.004530156,0.000460529,0.000665683,0.00196885,0.000710894,0.008959736,0.003449653
Cold Female,0.009555747,0.005674585,0.000708535,0.000832883,0.002423449,0.000890566,0.011893484,0.004293997
Cold Male,0.003375179,0.007209052,8.38E-05,0.001060969,0.001296771,0.001132161,0.004452587,0.005555285
Age 0-10 All,-0.02049558,0.02057399,-0.006369136,0.003629187,0.001581257,0.002329742,0.01083845,0.01906139
Age 0-10 Female,-0.06341589,0.02780862,-0.015461006,0.004928655,0.000540226,0.003117152,-0.04329011,0.02684874
Age 0-10 Male,0.01520145,0.02612575,0.001005653,0.004592155,0.002584289,0.002979153,0.04963897,0.02339308
Age 11-60 All,0.005142446,0.005065371,0.000689722,0.000897484,0.000536966,0.00056948,0.001888743,0.004678291
Age 11-60 Female,0.009271651,0.006325854,0.001450976,0.001119597,0.000761132,0.00071211,0.006448125,0.005789118
Age 11-60 Male,-0.001978481,0.008178826,-0.000633384,0.001451817,0.000155782,0.000917717,-0.006202026,0.007675822
Age 60+All,0.003741438,0.008175591,0.000262508,0.001444054,0.000627752,0.000921576,0.008699667,0.007590214
Age 60+ Female,-0.000137026,0.010750954,0.000323143,0.001902926,-0.000357481,0.001209302,0.009953076,0.009954912
Age 60+ Male,0.008877379,0.012312135,0.000205781,0.00216865,0.001922454,0.001391677,0.006982572,0.011480434
All: LAG 9,0.003977799,0.004342067,0.000334277,0.000768666,0.00060907,0.000488412,0.003436355,0.003964832
Female,0.008431512,0.005371595,0.001270681,0.000950806,0.000739191,0.000605448,0.009102328,0.00486804
Male,-0.002941586,0.006803835,-0.001126904,0.001204571,0.000414925,0.000763208,-0.005663601,0.006289527
Warm All,0.006256692,0.004191011,0.000913201,0.000921699,0.000655801,0.000402406,0.00286528,0.004745672
Warm Female,0.006113102,0.005149587,0.001565208,0.001129669,0.000324622,0.000495804,0.00451505,0.005792676
Warm Male,0.006547474,0.006471087,-0.000116133,0.001428271,0.001177792,0.000618671,0.000205766,0.007401552
Cold All,0.00394753,0.004556773,0.000359343,0.000670037,0.000779376,0.000711562,0.003814067,0.003435646
Cold Female,0.013712474,0.005675983,0.001474398,0.000836826,0.002150901,0.000884731,0.011944435,0.004252143
Cold Male,-0.0113169,0.007278455,-0.001366707,0.001066316,-0.00138473,0.001140078,-0.009258581,0.005550105
Age 0-10 All,0.01884315,0.02073757,0.001837347,0.003651115,0.002630422,0.002349628,-0.02580151,0.01921842
Age 0-10 Female,0.01180351,0.02781609,-0.002039783,0.004897622,0.004892085,0.003126535,-0.01212402,0.02546565
Age 0-10 Male,0.02515366,0.02649247,0.005106483,0.004666265,0.000772814,0.00302764,-0.03742265,0.02477856
Age 11-60 All,0.004265605,0.005078086,0.000460309,0.000900373,0.000553855,0.000570376,0.000854631,0.004641391
Age 11-60 Female,0.010110041,0.006326144,0.001650709,0.001121384,0.0007682,0.000712971,0.005156144,0.005739231
Age 11-60 Male,-0.005788577,0.008228277,-0.001593248,0.001459419,0.000195527,0.000919266,-0.006812986,0.007622598
Age 60+All,0.000982701,0.0081982,-0.000225839,0.001446026,0.000458515,0.000925197,0.014394276,0.007461691
Age 60+ Female,0.002742561,0.010809873,0.000479525,0.001905663,0.000153943,0.001219397,0.023688655,0.009771241
Age 60+ Male,-0.001607183,0.012302788,-0.001169522,0.002171479,0.000808753,0.001388981,0.002259216,0.01130975
All: LAG 10,0.002613001,0.004379192,0.000394404,0.000773345,0.000219899,0.000493249,0.003822873,0.003929903
Female,0.006226443,0.005412737,0.000886789,0.000955082,0.000588699,0.000610118,0.007696681,0.004837291
Male,-0.002947433,0.00686895,-0.000364037,0.001214589,-0.000348405,0.000772834,-0.002322116,0.006208102
Warm All,0.00207626,0.004239185,0.000262614,0.000929144,0.000232058,0.000408216,0.006443259,0.004666076
Warm Female,0.004772966,0.005194099,0.001379498,0.001133889,0.000161669,0.000501382,0.0084183,0.005687592
Warm Male,-0.002066619,0.006573934,-0.001509278,0.001449412,0.000349815,0.000630662,0.003203061,0.007295945
Cold All,0.004486509,0.004593307,0.000666359,0.00067559,0.000171633,0.000707639,0.001686038,0.00343114
Cold Female,0.009807261,0.005725133,0.000905716,0.000842813,0.001904098,0.000878992,0.006783512,0.004265307
Cold Male,-0.003816599,0.007310096,0.000296336,0.001073821,-0.002582742,0.001131202,-0.006357979,0.005489036
Age 0-10 All,0.02281567,0.02077041,0.003722783,0.003595388,0.001584455,0.002399302,0.007986289,0.019178071
Age 0-10 Female,-0.02944541,0.02773351,-0.004947775,0.004861113,-0.002033552,0.003164785,-0.003104678,0.02576905
Age 0-10 Male,0.06773484,0.02659922,0.01095676,0.00456511,0.004713991,0.003101608,0.01808094,0.02442064
Age 11-60 All,0.003782441,0.005125768,0.000681477,0.000906416,0.000219898,0.000576597,-0.001014897,0.004614304
Age 11-60 Female,0.01217275,0.00637649,0.001875928,0.001125909,0.001021845,0.000718928,0.0021202,0.005711784
Age 11-60 Male,-0.010713759,0.008318115,-0.00140339,0.001474906,-0.001147546,0.000932293,-0.006566011,0.007562447
Age 60+All,-0.003391881,0.008265965,-0.000849913,0.001458688,2.18E-05,0.000931139,0.0160075,0.007328565
Age 60+ Female,-0.007584405,0.010883662,-0.00136127,0.001917985,-0.000461854,0.001224734,0.025519991,0.009632255
Age 60+ Male,0.001798433,0.012400153,-0.000181144,0.002192047,0.000592449,0.001398829,0.00338008,0.01103986
All: LAG 11,-0.000585693,0.004404761,0.000419577,0.000781303,-0.000558088,0.000492254,0.000113675,0.003937102
Female,-0.00131633,0.005448223,0.000316857,0.000966889,-0.000633553,0.000609086,0.003350271,0.004847174
Male,0.000499773,0.006902049,0.000569118,0.001223393,-0.000443153,0.000771093,-0.005154905,0.006216734
Warm All,-0.001298637,0.004243494,0.000895129,0.000930864,-0.000655594,0.000407427,-0.00423514,0.004685011
Warm Female,-0.006384012,0.005195666,1.90E-05,0.001137555,-0.001135237,0.000500033,0.002360683,0.00567898
Warm Male,0.00662402,0.00658356,0.002281448,0.001449373,8.05E-05,0.000630029,-0.0153896,0.007389731
Cold All,0.001827145,0.004645261,0.000382441,0.000685928,-0.00023122,0.000702758,0.002142608,0.003435053
Cold Female,0.008203839,0.005805222,0.000917109,0.000857966,0.00112678,0.000878116,0.003649209,0.004283945
Cold Male,-0.008109711,0.007346836,-0.000460909,0.001083737,-0.002318418,0.00111095,-0.000296681,0.005456121
Age 0-10 All,0.01671778,0.02103852,0.00484786,0.003689962,-0.001030011,0.00239382,0.00227095,0.01890893
Age 0-10 Female,-0.0236327,0.02779735,-0.00220908,0.004961015,-0.003564877,0.003145093,-0.001851881,0.025525662
Age 0-10 Male,0.05189059,0.02714665,0.010612663,0.004688698,0.001215836,0.003110752,0.005015653,0.023942491
Age 11-60 All,0.001020717,0.005159242,0.000579291,0.000916261,-0.000338971,0.000575654,0.001328375,0.004612834
Age 11-60 Female,0.004928757,0.006427376,0.001431055,0.001139275,-0.000273771,0.000719318,0.004725076,0.005699121
Age 11-60 Male,-0.005741415,0.008357466,-0.000915902,0.001489228,-0.000443364,0.000927746,-0.004903177,0.007584992
Age 60+All,-0.007317384,0.008297455,-0.000623151,0.001469304,-0.001100459,0.000929499,-0.003379416,0.007403399
Age 60+ Female,-0.01743701,0.01093924,-0.002754289,0.001945846,-0.001369591,0.001218526,-0.000238132,0.009789141
Age 60+ Male,0.005508272,0.012445289,0.002033822,0.002190541,-0.000759043,0.001405071,-0.007454488,0.011071166
All: LAG 12,0.003820716,0.004387777,0.000498446,0.000779745,0.000409141,0.000489364,0.000734441,0.003922831
Female,0.004285561,0.005425706,0.000289144,0.000965269,0.000717369,0.000605007,0.002987988,0.004829798
Male,0.003069043,0.006890427,0.000827496,0.001222351,-8.21E-05,0.0007686,-0.002893021,0.006200343
Warm All,0.000661257,0.004226597,-3.37E-05,0.000930603,0.000130867,0.000404307,0.00134226,0.004705605
Warm Female,0.001512415,0.005190638,-0.0003589,0.001143832,0.000420192,0.000497024,0.004464974,0.005736929
Warm Male,-0.000711726,0.006552938,0.000459549,0.001440973,-0.000319691,0.000625746,-0.003964676,0.00738002
Cold All,0.01030062,0.00462642,0.001144362,0.000683605,0.001454535,0.000700597,-0.000547151,0.003403828
Cold Female,0.011066499,0.005775573,0.001040864,0.000853647,0.002058167,0.000872222,0.0011983,0.004234474
Cold Male,0.00905655,0.007362445,0.001303701,0.001087022,0.000485183,0.00111936,-0.003247651,0.005439862
Age 0-10 All,-0.00033048,0.021203044,-0.000527873,0.003717635,0.000519113,0.002403974,0.004942774,0.019421541
Age 0-10 Female,-0.001936674,0.028271295,-0.001189031,0.004949407,0.00082588,0.003206688,0.01736018,0.02529029
Age 0-10 Male,0.003011113,0.027135156,0.000283197,0.004765644,0.000478146,0.003079521,-0.002538022,0.025397125
Age 11-60 All,0.004111831,0.005140565,0.000495823,0.000914694,0.000474418,0.000572667,-0.003026789,0.004602139
Age 11-60 Female,0.008727628,0.006393328,0.00096422,0.001137866,0.001092683,0.000714103,0.001981282,0.005692316
Age 11-60 Male,-0.004045905,0.008355437,-0.000334407,0.001486385,-0.000600281,0.000926605,-0.012036274,0.007553705
Age 60+All,0.003424171,0.008260781,0.000636069,0.00146554,0.000188782,0.000922139,0.010005623,0.007332523
Age 60+ Female,-0.008454591,0.010906384,-0.001589279,0.001941604,-0.000405404,0.001208181,0.004552184,0.009700829
Age 60+ Male,0.01850985,0.01238979,0.003448085,0.002188596,0.000941598,0.001396955,0.01677312,0.0109723
All: LAG 13,-0.000126399,0.004378752,0.00010122,0.000772527,-0.000134248,0.000492141,-0.004144626,0.003900432
Female,0.004434437,0.005410038,0.000269925,0.000956315,0.000774449,0.000607818,-0.004611401,0.004815792
Male,-0.007272678,0.006889266,-0.000154233,0.001212096,-0.001567103,0.000774457,-0.003407632,0.006144433
Warm All,1.65E-05,0.004247612,0.000589626,0.00092418,-0.000295989,0.000409984,-0.002209222,0.004707681
Warm Female,0.010390886,0.005198028,0.002174923,0.001130959,0.000742528,0.000502153,0.006784316,0.005747509
Warm Male,-0.016435941,0.006607911,-0.001931356,0.001438826,-0.001934941,0.00063699,-0.016567928,0.007358329
Cold All,0.001873774,0.004590336,0.00021644,0.000677816,0.000251039,0.000690811,-0.005540431,0.003378208
Cold Female,-0.001162657,0.005737899,-0.00053177,0.000848456,0.000880463,0.000862714,-0.011409259,0.004216042
Cold Male,0.006526272,0.007291743,0.001366796,0.001074275,-0.000745384,0.001098737,0.003552349,0.005375525
Age 0-10 All,0.01350567,0.02091036,0.001650103,0.003627803,0.001533359,0.002376267,0.01401961,0.01865846
Age 0-10 Female,0.04474503,0.02761565,0.006838103,0.004819914,0.003658405,0.003131996,-0.005371539,0.025028262
Age 0-10 Male,-0.01093418,0.02708427,-0.002096349,0.004677646,-0.000402823,0.003085487,0.03527024,0.02383495
Age 11-60 All,4.82E-05,0.005124663,-1.20E-05,0.000904113,2.13E-05,0.000575683,-0.007262659,0.004567437
Age 11-60 Female,0.005643632,0.006375354,0.000212089,0.001126057,0.001122971,0.000716649,-0.007354776,0.005678959
Age 11-60 Male,-0.009741431,0.008338673,-0.000397895,0.001468656,-0.001901446,0.000934956,-0.007097883,0.00744272
Age 60+All,-0.002680578,0.008264964,0.000155965,0.001461796,-0.000796937,0.000928741,0.001767269,0.007350089
Age 60+ Female,-0.003718475,0.010901322,-0.000280932,0.00193449,-0.000616506,0.001220955,0.004013708,0.009658032
Age 60+ Male,-0.001287113,0.01242246,0.000739146,0.002187826,-0.001048501,0.001402166,-0.001082003,0.011102112
All: LAG 14,-0.004282483,0.004376262,-0.00059123,0.00077165,-0.00042259,0.000494369,-0.002337431,0.003886158
Female,6.72E-05,0.005407099,-0.000152117,0.00095499,0.000176258,0.000611629,0.002340574,0.004787181
Male,-0.011149136,0.006883253,-0.001280761,0.001210593,-0.001359752,0.000775953,-0.009819208,0.006140325
Warm All,-0.005233236,0.004236138,-0.00099367,0.000912647,-0.000431236,0.000412961,0.000609269,0.004689781
Warm Female,0.003273264,0.005203741,0.000647928,0.001120475,0.000255287,0.000507738,0.009401327,0.00571295
Warm Male,-0.018613548,0.006585212,-0.003577926,0.00142014,-0.001506912,0.000641129,-0.013695671,0.007386478
Cold All,-0.002885534,0.004575392,-7.21E-05,0.000679079,-0.001038768,0.000683349,-0.003904727,0.003356908
Cold Female,-0.002874526,0.005700986,-0.000251251,0.000848595,-0.000583291,0.000853523,-0.001582693,0.004182135
Cold Male,-0.002960738,0.007307326,0.000192784,0.001079583,-0.001738244,0.001087677,-0.007653724,0.005363659
Age 0-10 All,-0.009437604,0.020943829,0.000335049,0.003651434,-0.002637941,0.00236276,-0.002998359,0.018847536
Age 0-10 Female,0.000891153,0.028051607,-0.000656291,0.004929156,0.000892041,0.003157196,0.006386897,0.025457309
Age 0-10 Male,-0.01817908,0.02676502,0.001165008,0.004630906,-0.005672383,0.003027607,-0.009294592,0.023928871
Age 11-60 All,-0.004255687,0.005124502,-0.000354312,0.000904146,-0.000657259,0.000578459,0.000200434,0.004548957
Age 11-60 Female,0.000753852,0.00637588,0.000267113,0.001124719,-8.39E-05,0.000721974,0.004996098,0.005637396
Age 11-60 Male,-0.01292774,0.008326422,-0.001437536,0.001469509,-0.001627197,0.000935005,-0.008346463,0.007440793
Age 60+All,-0.003772825,0.008245385,-0.001382257,0.001453835,0.000514388,0.000933133,-0.009063979,0.00731669
Age 60+ Female,-0.002058309,0.010841915,-0.00136882,0.001923076,0.000881665,0.001222967,-0.006100908,0.009605421
Age 60+ Male,-0.006070465,0.012440549,-0.001407629,0.002176727,2.22E-05,0.001414292,-0.01279773,0.01105746
